qv_usr_correo,qv_mus_id
porfiriomagana@example.com,1337
hildasauceda@example.com,2156
velascoleonardo@example.net,2168
soledad10@example.com,1519
aracelivaldez@example.net,1092
soledad10@example.com,689
soledad10@example.com,1473
carreonluis@example.org,503
yolanda38@example.org,1096
esteban32@example.net,1893
leonor93@example.com,238
luciojavier@example.com,1337
hildasauceda@example.com,2311
carreonluis@example.org,768
leonor93@example.com,503
hildasauceda@example.com,462
jacinto43@example.net,673
porfiriomagana@example.com,1092
mauriciovalles@example.org,1519
alcantarana@example.org,15
esteban32@example.net,1337
alcantarana@example.org,1519
davidocasio@example.com,1550
jacinto43@example.net,2360
soledad10@example.com,2360
davidocasio@example.com,238
leonor93@example.com,768
sandovalnancy@example.net,969
alcantarana@example.org,1473
velascoleonardo@example.net,1096
hildasauceda@example.com,1337
zedillohomero@example.com,2311
yolanda38@example.org,2236
zedillohomero@example.com,462
mauriciovalles@example.org,710
ines10@example.org,1874
yolanda38@example.org,689
yolanda38@example.org,1473
esteban32@example.net,1550
luis-miguel49@example.com,854
mauriciovalles@example.org,2168
miriamhernandez@example.net,439
luis-miguel49@example.com,1092
yolanda38@example.org,2156
mauriciovalles@example.org,2360
zedillohomero@example.com,1337
carreonluis@example.org,2173
jacinto43@example.net,1096
luciojavier@example.com,768
alcantarana@example.org,2360
soledad10@example.com,1096
sandovalnancy@example.net,2173
evelioluna@example.org,1096
miriamhernandez@example.net,768
jacinto43@example.net,2008
evelioluna@example.org,2173
davidocasio@example.com,969
sandovalnancy@example.net,1874
soledad10@example.com,2008
soledad10@example.com,1114
jacinto43@example.net,403
ines10@example.org,854
hildasauceda@example.com,439
ines10@example.org,1092
velascoleonardo@example.net,1473
esteban32@example.net,768
yolanda38@example.org,462
leonor93@example.com,1874
zedillohomero@example.com,1550
leonor93@example.com,1337
porfiriomagana@example.com,1096
jacinto43@example.net,2236
carreonluis@example.org,854
alcantarana@example.org,1096
soledad10@example.com,2236
porfiriomagana@example.com,2008
zedillohomero@example.com,439
mauriciovalles@example.org,1114
mauriciovalles@example.org,2008
zedillohomero@example.com,503
sandovalnancy@example.net,1519
hildasauceda@example.com,969
mauriciovalles@example.org,403
aracelivaldez@example.net,854
aracelivaldez@example.net,15
aracelivaldez@example.net,1519
evelioluna@example.org,1519
alcantarana@example.org,403
jacinto43@example.net,1473
jacinto43@example.net,689
luciojavier@example.com,1874
leonor93@example.com,1092
yolanda38@example.org,1532
zedillohomero@example.com,768
jacinto43@example.net,2156
miriamhernandez@example.net,1874
soledad10@example.com,2156
luis-miguel49@example.com,1096
yolanda38@example.org,1550
sandovalnancy@example.net,710
luis-miguel49@example.com,2173
esteban32@example.net,2173
aracelivaldez@example.net,710
yolanda38@example.org,238
esteban32@example.net,1874
leonor93@example.com,710
porfiriomagana@example.com,689
aracelivaldez@example.net,673
jacinto43@example.net,1893
soledad10@example.com,1893
luciojavier@example.com,15
jacinto43@example.net,462
luciojavier@example.com,1092
luciojavier@example.com,1519
mauriciovalles@example.org,2156
velascoleonardo@example.net,1532
alcantarana@example.org,2156
ines10@example.org,2008
velascoleonardo@example.net,1550
sandovalnancy@example.net,1313
porfiriomagana@example.com,2168
velascoleonardo@example.net,238
evelioluna@example.org,1313
luis-miguel49@example.com,689
yolanda38@example.org,969
miriamhernandez@example.net,710
velascoleonardo@example.net,439
hildasauceda@example.com,854
carreonluis@example.org,2008
velascoleonardo@example.net,503
alcantarana@example.org,462
jacinto43@example.net,1532
sandovalnancy@example.net,2008
sandovalnancy@example.net,1114
aracelivaldez@example.net,2008
evelioluna@example.org,1114
ines10@example.org,1519
leonor93@example.com,2173
soledad10@example.com,1550
jacinto43@example.net,238
aracelivaldez@example.net,403
porfiriomagana@example.com,1313
ines10@example.org,689
luis-miguel49@example.com,673
leonor93@example.com,2008
luis-miguel49@example.com,2168
hildasauceda@example.com,710
zedillohomero@example.com,854
luis-miguel49@example.com,2360
zedillohomero@example.com,1092
jacinto43@example.net,503
soledad10@example.com,439
davidocasio@example.com,462
carreonluis@example.org,15
soledad10@example.com,503
porfiriomagana@example.com,1532
mauriciovalles@example.org,1532
aracelivaldez@example.net,2236
porfiriomagana@example.com,1114
carreonluis@example.org,689
davidocasio@example.com,2173
ines10@example.org,2168
ines10@example.org,673
luis-miguel49@example.com,1313
alcantarana@example.org,1550
sandovalnancy@example.net,1473
soledad10@example.com,768
sandovalnancy@example.net,689
velascoleonardo@example.net,2311
luciojavier@example.com,2008
luciojavier@example.com,1114
ines10@example.org,2360
velascoleonardo@example.net,462
jacinto43@example.net,969
sandovalnancy@example.net,2156
leonor93@example.com,689
aracelivaldez@example.net,2156
evelioluna@example.org,2156
alcantarana@example.org,439
esteban32@example.net,1096
carreonluis@example.org,2168
porfiriomagana@example.com,2236
carreonluis@example.org,673
yolanda38@example.org,1092
esteban32@example.net,2008
soledad10@example.com,2311
davidocasio@example.com,854
sandovalnancy@example.net,1893
leonor93@example.com,2168
porfiriomagana@example.com,2156
aracelivaldez@example.net,462
evelioluna@example.org,462
leonor93@example.com,2360
alcantarana@example.org,969
carreonluis@example.org,1313
miriamhernandez@example.net,689
ines10@example.org,1114
luis-miguel49@example.com,2236
zedillohomero@example.com,1096
soledad10@example.com,1874
esteban32@example.net,15
soledad10@example.com,1337
mauriciovalles@example.org,2311
zedillohomero@example.com,2008
esteban32@example.net,689
alcantarana@example.org,2311
esteban32@example.net,1473
davidocasio@example.com,2168
davidocasio@example.com,673
carreonluis@example.org,1532
hildasauceda@example.com,1519
carreonluis@example.org,1114
luis-miguel49@example.com,2156
sandovalnancy@example.net,1532
hildasauceda@example.com,689
carreonluis@example.org,403
hildasauceda@example.com,1473
aracelivaldez@example.net,1532
davidocasio@example.com,2360
miriamhernandez@example.net,2168
ines10@example.org,2236
carreonluis@example.org,238
sandovalnancy@example.net,1550
sandovalnancy@example.net,403
mauriciovalles@example.org,1874
aracelivaldez@example.net,1550
sandovalnancy@example.net,238
evelioluna@example.org,1550
soledad10@example.com,1092
leonor93@example.com,1114
esteban32@example.net,673
aracelivaldez@example.net,238
mauriciovalles@example.org,1337
zedillohomero@example.com,15
leonor93@example.com,403
luis-miguel49@example.com,2311
zedillohomero@example.com,1519
esteban32@example.net,2360
yolanda38@example.org,2173
sandovalnancy@example.net,439
luis-miguel49@example.com,462
luciojavier@example.com,462
zedillohomero@example.com,1473
miriamhernandez@example.net,1313
hildasauceda@example.com,2168
alcantarana@example.org,1874
aracelivaldez@example.net,503
hildasauceda@example.com,2360
davidocasio@example.com,1096
porfiriomagana@example.com,1550
miriamhernandez@example.net,1096
aracelivaldez@example.net,768
alcantarana@example.org,1092
davidocasio@example.com,403
miriamhernandez@example.net,1532
luciojavier@example.com,403
zedillohomero@example.com,2168
zedillohomero@example.com,673
aracelivaldez@example.net,969
zedillohomero@example.com,2360
yolanda38@example.org,854
yolanda38@example.org,1519
esteban32@example.net,1114
luis-miguel49@example.com,1550
carreonluis@example.org,1893
esteban32@example.net,403
porfiriomagana@example.com,768
miriamhernandez@example.net,1893
esteban32@example.net,238
sandovalnancy@example.net,462
hildasauceda@example.com,403
porfiriomagana@example.com,969
luis-miguel49@example.com,439
leonor93@example.com,1893
esteban32@example.net,2236
carreonluis@example.org,1337
davidocasio@example.com,2156
yolanda38@example.org,2168
yolanda38@example.org,673
ines10@example.org,1550
velascoleonardo@example.net,854
velascoleonardo@example.net,15
velascoleonardo@example.net,1092
velascoleonardo@example.net,1519
aracelivaldez@example.net,1874
aracelivaldez@example.net,1337
hildasauceda@example.com,2236
zedillohomero@example.com,1114
luis-miguel49@example.com,768
zedillohomero@example.com,403
zedillohomero@example.com,238
ines10@example.org,503
esteban32@example.net,2156
velascoleonardo@example.net,710
yolanda38@example.org,1313
alcantarana@example.org,2173
jacinto43@example.net,15
jacinto43@example.net,854
