res_id_res,res_comentario,res_mod_correo,res_aprobado,res_calif_estrellas,visitas_vi_usr_correo,visitas_vi_mus_id,visitas_vi_fechahora
1,Sapiente vitae ad commodi voluptate sequi totam quis.,mod@musedmx.com,1,5,alejandrofigueroa@example.net,238,2025-04-05 23:12:00
2,Ipsum omnis ducimus ex amet voluptatum laudantium hic ipsa.,mod@musedmx.com,1,1,reynaldoromo@example.net,238,2025-02-03 08:05:33
3,Dolorum eos consequatur occaecati illum rerum inventore ad velit.,mod@musedmx.com,1,5,salasmarisol@example.net,238,2025-04-17 14:13:32
4,Sit quos eius velit in praesentium omnis.,mod@musedmx.com,1,5,micaelayanez@example.net,238,2025-05-13 14:21:32
5,Exercitationem ipsam eaque dolorum architecto cupiditate corporis.,mod@musedmx.com,1,2,minervacardona@example.net,238,2025-04-03 05:27:21
6,Cupiditate inventore consequuntur aspernatur expedita consectetur inventore.,mod@musedmx.com,1,3,ramon62@example.org,238,2025-05-05 20:59:03
7,Animi nemo labore placeat voluptatibus distinctio.,mod@musedmx.com,1,4,yrojas@example.net,238,2025-01-12 07:11:04
8,Labore in quae recusandae voluptas totam nostrum reiciendis.,mod@musedmx.com,1,5,zeferinoangulo@example.net,238,2025-05-11 18:36:07
9,Eum quasi facere commodi quo totam odio placeat quidem.,mod@musedmx.com,1,1,vtello@example.org,238,2025-01-16 17:05:19
10,Iste saepe amet debitis sed perferendis accusamus fugiat.,mod@musedmx.com,1,1,zaratezoe@example.org,238,2025-05-09 14:35:17
11,Dolorum optio eveniet hic voluptatem voluptatibus similique repudiandae.,mod@musedmx.com,1,4,victoriaalcala@example.org,238,2025-02-17 07:43:58
12,Quibusdam dolore quasi commodi dolorem.,mod@musedmx.com,1,2,wendolin62@example.net,238,2025-02-28 07:37:40
13,Repudiandae minima excepturi optio velit.,mod@musedmx.com,1,5,grijalvajaqueline@example.net,238,2025-05-14 21:51:33
14,Consequuntur quia rerum magnam fugit ut earum molestiae.,mod@musedmx.com,1,3,sessa67@example.com,238,2025-04-21 09:23:11
15,Odio dolores itaque eius sunt recusandae facilis iusto modi quos natus.,mod@musedmx.com,1,3,sessa45@example.org,238,2025-02-22 19:27:42
16,Doloremque eos perferendis id perspiciatis officia earum provident.,mod@musedmx.com,1,2,pilarlovato@example.net,238,2025-01-18 10:24:27
17,Velit fugit deserunt molestiae ipsa neque corporis adipisci commodi tenetur alias.,mod@musedmx.com,1,4,guillermocoronado@example.com,238,2025-04-18 08:04:21
18,Iure nemo sit odit at accusantium aspernatur.,mod@musedmx.com,1,4,karinapina@example.net,238,2025-01-11 05:35:01
19,Autem corrupti ipsam minima necessitatibus.,mod@musedmx.com,1,2,wacuna@example.org,238,2025-02-24 20:50:39
20,Fuga veritatis eos fuga maiores.,mod@musedmx.com,1,2,rafael53@example.com,238,2025-03-01 20:49:02
21,Ea fugiat reprehenderit cum delectus.,mod@musedmx.com,1,3,alejandrofigueroa@example.net,710,2025-04-27 13:46:07
22,Recusandae tempora magnam ipsam quam sed repellat reprehenderit ea labore quaerat.,mod@musedmx.com,1,4,reynaldoromo@example.net,710,2025-05-17 08:43:03
23,Et voluptas soluta similique neque.,mod@musedmx.com,1,5,salasmarisol@example.net,710,2025-05-04 09:11:18
24,Totam neque reprehenderit molestias minima quam veniam amet corrupti eos.,mod@musedmx.com,1,5,micaelayanez@example.net,710,2025-04-29 14:25:17
25,Accusantium consequuntur doloremque eius cupiditate optio temporibus.,mod@musedmx.com,1,2,minervacardona@example.net,710,2025-01-31 10:11:19
26,Distinctio perferendis cupiditate magnam cupiditate praesentium porro necessitatibus id velit necessitatibus.,mod@musedmx.com,1,2,ramon62@example.org,710,2025-01-31 22:22:55
27,Sunt consequuntur at dignissimos repellat occaecati assumenda iure odit error.,mod@musedmx.com,1,1,yrojas@example.net,710,2025-01-06 19:15:02
28,Odit sapiente occaecati voluptates nobis eaque assumenda beatae iure dolorum.,mod@musedmx.com,1,5,zeferinoangulo@example.net,710,2025-01-24 03:23:07
29,Dolores odio deleniti quo possimus vel.,mod@musedmx.com,1,4,vtello@example.org,710,2025-03-27 10:58:51
30,Voluptas necessitatibus quos vel mollitia repellendus blanditiis quod rem illo.,mod@musedmx.com,1,2,zaratezoe@example.org,710,2025-03-18 17:55:42
31,Quis fugiat officia quam quibusdam fugit corporis.,mod@musedmx.com,1,5,victoriaalcala@example.org,710,2025-05-09 09:45:14
32,Facere at voluptatum repellendus et odio.,mod@musedmx.com,1,5,wendolin62@example.net,710,2025-01-17 19:49:48
33,Rerum ipsa consectetur maiores quam recusandae odit.,mod@musedmx.com,1,2,grijalvajaqueline@example.net,710,2025-02-09 17:01:20
34,Ad earum reiciendis aspernatur placeat nemo facere necessitatibus.,mod@musedmx.com,1,4,sessa67@example.com,710,2025-01-21 00:06:24
35,Voluptas cum debitis quas minima perferendis natus aspernatur dicta earum.,mod@musedmx.com,1,1,sessa45@example.org,710,2025-04-11 20:22:43
36,Porro dolorem esse reprehenderit impedit ut.,mod@musedmx.com,1,1,pilarlovato@example.net,710,2025-03-13 08:20:28
37,Sapiente dicta ea inventore occaecati unde.,mod@musedmx.com,1,4,guillermocoronado@example.com,710,2025-01-05 08:08:33
38,Nam tempore nam occaecati dignissimos.,mod@musedmx.com,1,1,karinapina@example.net,710,2025-01-13 02:26:54
39,Vitae accusamus nobis animi sapiente culpa asperiores aut odio.,mod@musedmx.com,1,3,wacuna@example.org,710,2025-05-05 00:46:10
40,Velit autem velit ipsum modi quidem.,mod@musedmx.com,1,5,rafael53@example.com,710,2025-05-12 00:56:37
41,Dolorum voluptate repellendus repellat impedit eligendi dolores eaque alias.,mod@musedmx.com,1,3,alejandrofigueroa@example.net,2173,2025-01-16 12:53:34
42,Perspiciatis laboriosam ratione vel impedit expedita praesentium atque.,mod@musedmx.com,1,1,reynaldoromo@example.net,2173,2025-03-05 12:52:07
43,Enim dolor placeat asperiores cumque dolores ratione officiis fuga.,mod@musedmx.com,1,5,salasmarisol@example.net,2173,2025-05-17 15:34:44
44,Natus hic necessitatibus ab ipsa quod placeat fugit voluptate.,mod@musedmx.com,1,2,micaelayanez@example.net,2173,2025-01-16 05:09:08
45,Unde modi ipsa architecto enim explicabo laborum natus temporibus commodi.,mod@musedmx.com,1,1,minervacardona@example.net,2173,2025-05-15 13:40:01
46,Corporis commodi ex doloremque error repellat quo eaque sapiente.,mod@musedmx.com,1,4,ramon62@example.org,2173,2025-05-26 22:30:42
47,Laboriosam doloremque consectetur fuga voluptatibus magni.,mod@musedmx.com,1,1,yrojas@example.net,2173,2025-02-02 00:04:43
48,Ipsa necessitatibus iste perferendis aliquid illo ipsa esse laudantium iste.,mod@musedmx.com,1,3,zeferinoangulo@example.net,2173,2025-04-25 07:45:11
49,Nam odit optio ex autem velit atque.,mod@musedmx.com,1,1,vtello@example.org,2173,2025-04-06 00:15:41
50,Deserunt animi eum eligendi iusto fugiat in illum.,mod@musedmx.com,1,1,zaratezoe@example.org,2173,2025-05-03 04:42:27
51,Quasi molestiae porro ipsam minima.,mod@musedmx.com,1,3,victoriaalcala@example.org,2173,2025-05-22 20:58:25
52,Voluptatem nisi optio officia nisi at.,mod@musedmx.com,1,4,wendolin62@example.net,2173,2025-03-18 07:28:29
53,Sunt eum nisi beatae commodi perspiciatis sunt ea natus quo.,mod@musedmx.com,1,4,grijalvajaqueline@example.net,2173,2025-01-13 19:44:41
54,Inventore provident maiores mollitia labore adipisci iste unde ipsam expedita.,mod@musedmx.com,1,2,sessa67@example.com,2173,2025-05-07 19:01:56
55,Reiciendis libero omnis incidunt aperiam quis fugit officiis.,mod@musedmx.com,1,5,sessa45@example.org,2173,2025-03-23 02:19:20
56,Architecto blanditiis amet illo.,mod@musedmx.com,1,3,pilarlovato@example.net,2173,2025-01-29 21:48:03
57,Pariatur adipisci cum sapiente recusandae.,mod@musedmx.com,1,1,guillermocoronado@example.com,2173,2025-02-23 18:53:44
58,Quisquam sapiente illo temporibus est blanditiis similique voluptatum similique dignissimos.,mod@musedmx.com,1,4,karinapina@example.net,2173,2025-05-25 08:16:12
59,Impedit quaerat consectetur omnis cum delectus.,mod@musedmx.com,1,5,wacuna@example.org,2173,2025-03-09 02:25:57
60,Enim accusantium ut distinctio repudiandae repellat ipsam.,mod@musedmx.com,1,4,rafael53@example.com,2173,2025-04-26 20:43:03
61,Id voluptatem consequuntur sequi libero vitae officiis sed itaque natus.,mod@musedmx.com,1,5,alejandrofigueroa@example.net,1114,2025-03-26 05:15:30
62,Quidem quae ipsam quae beatae.,mod@musedmx.com,1,5,reynaldoromo@example.net,1114,2025-02-28 06:43:34
63,Tenetur sit officia reprehenderit.,mod@musedmx.com,1,1,salasmarisol@example.net,1114,2025-02-26 21:12:35
64,Iure cumque impedit aperiam fugit impedit at.,mod@musedmx.com,1,4,micaelayanez@example.net,1114,2025-03-31 21:43:48
65,Dignissimos hic iusto inventore id iure magni nostrum reiciendis.,mod@musedmx.com,1,5,minervacardona@example.net,1114,2025-01-06 16:19:44
66,Numquam ut animi optio quos.,mod@musedmx.com,1,1,ramon62@example.org,1114,2025-01-24 04:15:08
67,Dolorum incidunt cupiditate modi soluta nobis.,mod@musedmx.com,1,4,yrojas@example.net,1114,2025-04-15 13:38:20
68,Quis cumque ex eveniet rem quia doloremque.,mod@musedmx.com,1,2,zeferinoangulo@example.net,1114,2025-01-02 07:03:52
69,Repellat amet hic sit enim necessitatibus praesentium.,mod@musedmx.com,1,1,vtello@example.org,1114,2025-05-20 11:25:39
70,Accusamus iusto iure repellat modi alias aliquam.,mod@musedmx.com,1,1,zaratezoe@example.org,1114,2025-02-23 00:50:09
71,Harum suscipit earum harum mollitia.,mod@musedmx.com,1,3,victoriaalcala@example.org,1114,2025-05-16 08:35:50
72,Sequi laudantium maiores molestias expedita aspernatur.,mod@musedmx.com,1,4,wendolin62@example.net,1114,2025-04-28 08:52:13
73,Amet deleniti aspernatur laudantium assumenda odio nihil ducimus.,mod@musedmx.com,1,4,grijalvajaqueline@example.net,1114,2025-03-23 21:36:39
74,Maxime dolorem possimus earum reiciendis quis perferendis odit.,mod@musedmx.com,1,2,sessa67@example.com,1114,2025-05-13 08:16:20
75,Ullam facere molestias molestiae vel sunt libero.,mod@musedmx.com,1,1,sessa45@example.org,1114,2025-03-21 06:09:13
76,Deleniti veniam numquam deleniti repellendus.,mod@musedmx.com,1,2,pilarlovato@example.net,1114,2025-04-27 18:56:48
77,Saepe minima nesciunt necessitatibus adipisci aperiam impedit.,mod@musedmx.com,1,1,guillermocoronado@example.com,1114,2025-02-15 01:11:04
78,Laborum minus a quisquam debitis necessitatibus voluptas.,mod@musedmx.com,1,1,karinapina@example.net,1114,2025-02-21 07:29:17
79,Quod sint delectus eaque perspiciatis repellat dolorem suscipit voluptatem architecto.,mod@musedmx.com,1,4,wacuna@example.org,1114,2025-03-06 21:59:12
80,Totam quam temporibus quisquam eligendi odio.,mod@musedmx.com,1,5,rafael53@example.com,1114,2025-05-15 16:34:05
81,Deserunt reiciendis non autem error esse mollitia.,mod@musedmx.com,1,3,alejandrofigueroa@example.net,1092,2025-03-26 10:02:53
82,Eos sapiente harum architecto aliquam consequuntur expedita saepe.,mod@musedmx.com,1,1,reynaldoromo@example.net,1092,2025-03-04 00:42:28
83,Excepturi pariatur sequi corrupti libero possimus eveniet.,mod@musedmx.com,1,4,salasmarisol@example.net,1092,2025-01-26 01:13:12
84,Quas eius eius asperiores accusantium voluptates dignissimos illo aliquam eius.,mod@musedmx.com,1,3,micaelayanez@example.net,1092,2025-05-19 11:57:12
85,Laudantium eaque laboriosam eveniet esse esse odit a omnis.,mod@musedmx.com,1,3,minervacardona@example.net,1092,2025-03-17 09:27:24
86,Nobis voluptatum ex quidem fuga odit blanditiis.,mod@musedmx.com,1,4,ramon62@example.org,1092,2025-05-19 20:36:26
87,Modi molestias voluptatem soluta quis dolorem.,mod@musedmx.com,1,1,yrojas@example.net,1092,2025-05-16 16:11:22
88,Ipsam earum optio necessitatibus veniam.,mod@musedmx.com,1,5,zeferinoangulo@example.net,1092,2025-04-06 12:40:20
89,Dolores illo quo reprehenderit alias.,mod@musedmx.com,1,3,vtello@example.org,1092,2025-03-27 11:45:35
90,Odio neque eaque enim excepturi pariatur ullam perspiciatis id dicta.,mod@musedmx.com,1,1,zaratezoe@example.org,1092,2025-04-13 23:32:36
91,Sit blanditiis impedit assumenda rerum.,mod@musedmx.com,1,1,victoriaalcala@example.org,1092,2025-04-10 19:05:23
92,Velit blanditiis qui itaque dolores.,mod@musedmx.com,1,5,wendolin62@example.net,1092,2025-03-19 03:00:22
93,Dolor optio rerum iste quod perferendis architecto magnam quam porro.,mod@musedmx.com,1,5,grijalvajaqueline@example.net,1092,2025-02-15 01:58:22
94,Iste libero doloribus temporibus iste error autem quas.,mod@musedmx.com,1,1,sessa67@example.com,1092,2025-03-12 00:40:59
95,Ab a inventore sint ex quis dolorum.,mod@musedmx.com,1,3,sessa45@example.org,1092,2025-04-15 11:02:02
96,Dolores quam mollitia quis atque molestias in iste ullam.,mod@musedmx.com,1,1,pilarlovato@example.net,1092,2025-03-05 13:59:16
97,Accusamus numquam animi nemo atque corrupti vel totam debitis minima.,mod@musedmx.com,1,1,guillermocoronado@example.com,1092,2025-05-23 23:34:04
98,Eveniet vitae atque adipisci et iusto.,mod@musedmx.com,1,4,karinapina@example.net,1092,2025-03-29 03:54:17
99,Cupiditate fugiat est optio excepturi.,mod@musedmx.com,1,2,wacuna@example.org,1092,2025-03-09 00:14:05
100,Animi laborum assumenda eaque quisquam nihil distinctio totam.,mod@musedmx.com,1,3,rafael53@example.com,1092,2025-04-01 08:36:45
101,Explicabo ab eum aliquam voluptates commodi recusandae aut molestiae.,mod@musedmx.com,1,2,alejandrofigueroa@example.net,1550,2025-02-20 16:59:14
102,Sed iste dolorem sequi officia corrupti molestiae debitis quaerat consectetur.,mod@musedmx.com,1,2,reynaldoromo@example.net,1550,2025-04-26 17:13:51
103,Dolorum cum odio tempore libero facilis eaque.,mod@musedmx.com,1,2,salasmarisol@example.net,1550,2025-04-02 04:16:38
104,Alias magnam dignissimos labore cum occaecati ullam illo facilis.,mod@musedmx.com,1,2,micaelayanez@example.net,1550,2025-01-22 17:31:55
105,Ea quibusdam quas tempora molestiae.,mod@musedmx.com,1,2,minervacardona@example.net,1550,2025-04-25 17:11:25
106,Rerum laudantium ipsum dignissimos similique.,mod@musedmx.com,1,1,ramon62@example.org,1550,2025-04-25 11:04:32
107,Totam ipsam itaque harum ex.,mod@musedmx.com,1,4,yrojas@example.net,1550,2025-01-04 19:48:54
108,Unde consectetur accusamus pariatur magni sapiente animi explicabo aperiam perspiciatis.,mod@musedmx.com,1,3,zeferinoangulo@example.net,1550,2025-03-28 14:33:20
109,Velit optio temporibus quasi aliquam dolores assumenda quidem quia.,mod@musedmx.com,1,5,vtello@example.org,1550,2025-02-23 01:22:52
110,Itaque ab porro quod voluptas voluptas.,mod@musedmx.com,1,3,zaratezoe@example.org,1550,2025-02-22 21:06:26
111,Corporis nihil enim quam architecto nulla necessitatibus.,mod@musedmx.com,1,1,victoriaalcala@example.org,1550,2025-02-28 12:46:48
112,Ad unde exercitationem labore sapiente occaecati dolorem excepturi aut accusamus.,mod@musedmx.com,1,2,wendolin62@example.net,1550,2025-01-09 15:51:10
113,Nostrum quos quos quis odio aspernatur minima inventore hic aliquam.,mod@musedmx.com,1,4,grijalvajaqueline@example.net,1550,2025-05-20 07:06:53
114,Nam tempora animi numquam nihil quam veniam.,mod@musedmx.com,1,4,sessa67@example.com,1550,2025-04-19 18:04:13
115,Ullam dignissimos numquam delectus accusantium tempore iure.,mod@musedmx.com,1,5,sessa45@example.org,1550,2025-05-07 15:09:55
116,Dolore aliquam corrupti iste vero suscipit rem beatae ducimus.,mod@musedmx.com,1,2,pilarlovato@example.net,1550,2025-01-14 22:58:43
117,Rem pariatur iusto repellendus temporibus totam ipsum sit nesciunt facere.,mod@musedmx.com,1,5,guillermocoronado@example.com,1550,2025-03-30 23:22:41
118,Explicabo perspiciatis placeat vero aliquid iure velit est.,mod@musedmx.com,1,5,karinapina@example.net,1550,2025-04-13 19:10:05
119,Quas expedita accusamus nihil.,mod@musedmx.com,1,2,wacuna@example.org,1550,2025-05-23 11:52:30
120,Earum incidunt tempora quaerat officiis iure natus.,mod@musedmx.com,1,3,rafael53@example.com,1550,2025-02-03 10:08:20
121,Repellendus omnis natus totam asperiores repellendus.,mod@musedmx.com,1,1,alejandrofigueroa@example.net,768,2025-01-19 06:55:27
122,Ad impedit sint esse molestias hic ducimus earum laboriosam delectus.,mod@musedmx.com,1,3,reynaldoromo@example.net,768,2025-03-18 23:26:25
123,Officia sed illum vitae accusamus accusantium fuga.,mod@musedmx.com,1,1,salasmarisol@example.net,768,2025-02-09 21:34:21
124,Facilis voluptates nemo sequi in maxime illum assumenda exercitationem consequatur.,mod@musedmx.com,1,1,micaelayanez@example.net,768,2025-03-13 03:40:12
125,Quas ratione tempore illo iure.,mod@musedmx.com,1,3,minervacardona@example.net,768,2025-02-11 06:20:41
126,Ex voluptate animi possimus numquam provident enim quibusdam.,mod@musedmx.com,1,5,ramon62@example.org,768,2025-05-09 01:41:57
127,Quos laboriosam id neque veritatis voluptatem natus ullam.,mod@musedmx.com,1,3,yrojas@example.net,768,2025-03-09 05:05:44
128,Tenetur nobis labore perferendis cum laborum facere in dolorem odit.,mod@musedmx.com,1,3,zeferinoangulo@example.net,768,2025-02-26 14:30:43
129,Quaerat dolore maiores hic quidem.,mod@musedmx.com,1,1,vtello@example.org,768,2025-01-22 16:47:01
130,Eligendi illo quaerat praesentium aut numquam libero dignissimos quis asperiores.,mod@musedmx.com,1,5,zaratezoe@example.org,768,2025-05-17 00:02:44
131,Dolore recusandae optio deleniti repudiandae sint veritatis recusandae magni veniam.,mod@musedmx.com,1,1,victoriaalcala@example.org,768,2025-01-28 05:09:33
132,Modi exercitationem iusto sunt incidunt minus labore nobis animi repellat.,mod@musedmx.com,1,3,wendolin62@example.net,768,2025-02-19 19:49:11
133,Corrupti enim harum labore minima aliquam.,mod@musedmx.com,1,5,grijalvajaqueline@example.net,768,2025-02-05 02:48:21
134,Eveniet laudantium quos alias nobis quos voluptatum.,mod@musedmx.com,1,5,sessa67@example.com,768,2025-01-24 20:24:23
135,Amet repellendus cupiditate corrupti possimus repellat dolores odit.,mod@musedmx.com,1,5,sessa45@example.org,768,2025-04-28 08:39:47
136,Tempore iusto expedita impedit eum exercitationem accusamus dolorem dolore.,mod@musedmx.com,1,4,pilarlovato@example.net,768,2025-01-18 19:25:36
137,Vel quos nobis vitae tempore nisi officia perferendis.,mod@musedmx.com,1,4,guillermocoronado@example.com,768,2025-04-01 14:31:30
138,Atque perspiciatis odio repudiandae ad voluptate.,mod@musedmx.com,1,4,karinapina@example.net,768,2025-02-05 03:23:46
139,Atque eius ducimus mollitia dolores laudantium optio ut blanditiis unde.,mod@musedmx.com,1,5,wacuna@example.org,768,2025-05-08 04:39:24
140,Dignissimos expedita aliquam quod quia mollitia eaque.,mod@musedmx.com,1,4,rafael53@example.com,768,2025-01-25 20:21:25
141,Temporibus eligendi voluptate id inventore tempore laboriosam non ea reiciendis.,mod@musedmx.com,1,1,alejandrofigueroa@example.net,1519,2025-01-12 09:01:34
142,Nulla assumenda officiis eaque sed mollitia unde id similique.,mod@musedmx.com,1,2,reynaldoromo@example.net,1519,2025-04-20 07:32:38
143,Laboriosam nam officiis praesentium ratione voluptatum quae architecto quisquam.,mod@musedmx.com,1,2,salasmarisol@example.net,1519,2025-03-02 12:49:33
144,Sequi quam at tenetur harum cupiditate.,mod@musedmx.com,1,1,micaelayanez@example.net,1519,2025-02-27 13:26:48
145,Aut alias cupiditate rem officiis ullam quae.,mod@musedmx.com,1,1,minervacardona@example.net,1519,2025-04-08 11:29:49
146,Totam asperiores rerum illo culpa.,mod@musedmx.com,1,1,ramon62@example.org,1519,2025-05-09 05:26:07
147,Laudantium sapiente numquam minus labore accusamus sed earum porro.,mod@musedmx.com,1,4,yrojas@example.net,1519,2025-01-24 08:35:14
148,Accusantium id excepturi officiis deleniti.,mod@musedmx.com,1,4,zeferinoangulo@example.net,1519,2025-03-18 11:41:23
149,Recusandae explicabo fugit molestiae sunt et totam.,mod@musedmx.com,1,5,vtello@example.org,1519,2025-05-10 13:49:50
150,Esse repudiandae qui temporibus culpa nobis assumenda.,mod@musedmx.com,1,4,zaratezoe@example.org,1519,2025-05-22 09:20:51
151,Vel magni odio quaerat nihil incidunt minus.,mod@musedmx.com,1,5,victoriaalcala@example.org,1519,2025-02-15 18:09:26
152,Ratione enim earum vel accusantium repudiandae.,mod@musedmx.com,1,5,wendolin62@example.net,1519,2025-01-15 23:41:28
153,Libero voluptas eum qui culpa optio.,mod@musedmx.com,1,1,grijalvajaqueline@example.net,1519,2025-04-03 13:56:33
154,Odio nisi explicabo cumque veritatis ad mollitia delectus repellat nihil.,mod@musedmx.com,1,2,sessa67@example.com,1519,2025-05-13 18:27:45
155,Aspernatur dolores omnis vel dicta assumenda.,mod@musedmx.com,1,3,sessa45@example.org,1519,2025-04-07 01:00:09
156,Est adipisci repellat doloremque eos occaecati.,mod@musedmx.com,1,4,pilarlovato@example.net,1519,2025-01-17 21:32:38
157,Maiores voluptatum exercitationem debitis unde voluptatibus commodi perspiciatis praesentium.,mod@musedmx.com,1,5,guillermocoronado@example.com,1519,2025-04-15 14:03:49
158,Laboriosam magnam sunt corrupti nostrum odio ipsa eius at.,mod@musedmx.com,1,4,karinapina@example.net,1519,2025-05-03 09:26:43
159,Voluptatem sequi corrupti molestiae dolore optio quos consequatur similique velit velit.,mod@musedmx.com,1,2,wacuna@example.org,1519,2025-05-09 23:16:34
160,Nulla inventore sunt totam eligendi non accusamus dolores.,mod@musedmx.com,1,4,rafael53@example.com,1519,2025-03-07 10:11:06
161,Magni fugit odio nesciunt quidem accusamus minima adipisci nemo hic.,mod@musedmx.com,1,2,alejandrofigueroa@example.net,403,2025-05-27 09:01:42
162,Itaque deserunt esse id illo quam maxime sunt aperiam consectetur.,mod@musedmx.com,1,3,reynaldoromo@example.net,403,2025-03-20 16:08:33
163,Quam laboriosam possimus sed fugit.,mod@musedmx.com,1,5,salasmarisol@example.net,403,2025-05-06 13:58:08
164,Recusandae beatae ea necessitatibus soluta facere.,mod@musedmx.com,1,2,micaelayanez@example.net,403,2025-04-12 16:48:59
165,Illo magnam quasi eligendi tenetur quae nostrum consequuntur perspiciatis.,mod@musedmx.com,1,4,minervacardona@example.net,403,2025-05-18 06:31:07
166,Perferendis eaque sapiente aliquid sapiente vero harum saepe impedit sapiente veniam.,mod@musedmx.com,1,1,ramon62@example.org,403,2025-05-05 11:45:19
167,Minus nobis cum quas possimus facilis nesciunt iure consequatur.,mod@musedmx.com,1,5,yrojas@example.net,403,2025-01-02 12:32:36
168,Fugit hic non ipsam inventore quibusdam occaecati eligendi quidem.,mod@musedmx.com,1,5,zeferinoangulo@example.net,403,2025-04-19 20:54:13
169,Iste temporibus repellat possimus similique incidunt nemo.,mod@musedmx.com,1,2,vtello@example.org,403,2025-04-24 03:30:23
170,Suscipit odio quas rem occaecati sint necessitatibus.,mod@musedmx.com,1,5,zaratezoe@example.org,403,2025-04-05 10:32:17
171,Beatae et perspiciatis tempora enim omnis voluptatum ab.,mod@musedmx.com,1,3,victoriaalcala@example.org,403,2025-05-14 09:50:55
172,Nesciunt ipsum odit maiores dolor.,mod@musedmx.com,1,1,wendolin62@example.net,403,2025-01-09 18:34:39
173,Debitis id est doloremque id soluta provident.,mod@musedmx.com,1,3,grijalvajaqueline@example.net,403,2025-05-04 13:09:25
174,Modi aspernatur fugit deleniti in.,mod@musedmx.com,1,1,sessa67@example.com,403,2025-01-30 03:04:41
175,Soluta quod dolores doloremque consequuntur.,mod@musedmx.com,1,4,sessa45@example.org,403,2025-02-16 20:30:10
176,A et nisi sed vitae.,mod@musedmx.com,1,5,pilarlovato@example.net,403,2025-05-17 14:28:49
177,Explicabo impedit nobis ab odit quisquam corrupti rerum.,mod@musedmx.com,1,4,guillermocoronado@example.com,403,2025-05-05 11:58:11
178,Ullam ullam suscipit veniam ex unde omnis architecto aut.,mod@musedmx.com,1,4,karinapina@example.net,403,2025-05-15 01:00:21
179,Sequi delectus eum minima odit eveniet dolorum rem error impedit.,mod@musedmx.com,1,4,wacuna@example.org,403,2025-02-24 16:20:19
180,Delectus maiores exercitationem beatae quae ratione nemo corrupti culpa.,mod@musedmx.com,1,1,rafael53@example.com,403,2025-05-19 17:26:10
181,Illo officia assumenda necessitatibus itaque sed expedita debitis possimus doloribus.,mod@musedmx.com,1,2,alejandrofigueroa@example.net,503,2025-02-06 22:31:12
182,Ratione ducimus tempore iusto voluptate ullam.,mod@musedmx.com,1,4,reynaldoromo@example.net,503,2025-05-08 17:03:32
183,Alias beatae quis eaque minus et nihil assumenda quo iusto.,mod@musedmx.com,1,3,salasmarisol@example.net,503,2025-05-02 08:59:24
184,Debitis repellendus sapiente distinctio voluptatem voluptatum.,mod@musedmx.com,1,4,micaelayanez@example.net,503,2025-05-16 02:12:14
185,Temporibus eveniet ipsum labore repudiandae quod ducimus.,mod@musedmx.com,1,4,minervacardona@example.net,503,2025-05-07 09:18:27
186,At odit corrupti corporis architecto veritatis doloremque incidunt.,mod@musedmx.com,1,4,ramon62@example.org,503,2025-03-14 14:11:13
187,Non blanditiis sint repellat tempore occaecati.,mod@musedmx.com,1,3,yrojas@example.net,503,2025-04-13 19:45:00
188,Ad delectus odit neque eaque esse.,mod@musedmx.com,1,5,zeferinoangulo@example.net,503,2025-05-19 00:42:36
189,Tempora cumque neque officia hic odit dolorum at dicta.,mod@musedmx.com,1,4,vtello@example.org,503,2025-01-14 08:42:28
190,Illum temporibus maxime assumenda odit hic.,mod@musedmx.com,1,1,zaratezoe@example.org,503,2025-05-07 03:27:04
191,Numquam saepe amet quisquam architecto magni ipsa voluptatem.,mod@musedmx.com,1,2,victoriaalcala@example.org,503,2025-01-19 14:30:47
192,Quam pariatur eum facilis officia nam.,mod@musedmx.com,1,4,wendolin62@example.net,503,2025-01-15 06:28:20
193,Autem quidem nisi praesentium reiciendis non officiis impedit.,mod@musedmx.com,1,5,grijalvajaqueline@example.net,503,2025-04-19 12:58:42
194,Officia eius illum ratione magni voluptates nulla reprehenderit possimus.,mod@musedmx.com,1,3,sessa67@example.com,503,2025-03-19 07:05:36
195,Perspiciatis ex enim inventore reprehenderit pariatur quas excepturi maxime quam.,mod@musedmx.com,1,2,sessa45@example.org,503,2025-01-21 19:47:53
196,Possimus omnis voluptas saepe iusto aliquid harum veritatis.,mod@musedmx.com,1,4,pilarlovato@example.net,503,2025-03-09 14:39:57
197,Dicta aut cumque quas voluptatem ratione nihil.,mod@musedmx.com,1,3,guillermocoronado@example.com,503,2025-04-27 18:33:27
198,Dignissimos repellat rerum minus deserunt dolore at vero tenetur veritatis quasi.,mod@musedmx.com,1,2,karinapina@example.net,503,2025-01-06 23:42:34
199,Numquam commodi earum est deserunt accusantium repellendus hic placeat.,mod@musedmx.com,1,5,wacuna@example.org,503,2025-05-26 02:50:15
200,Voluptatem molestiae consectetur earum nemo ab atque temporibus.,mod@musedmx.com,1,2,rafael53@example.com,503,2025-04-25 09:54:37
201,Adipisci earum nesciunt quia ipsum perferendis.,mod@musedmx.com,1,3,alejandrofigueroa@example.net,375,2025-03-16 04:19:09
202,Ullam atque ipsam delectus quidem veritatis.,mod@musedmx.com,1,3,reynaldoromo@example.net,375,2025-02-21 01:36:19
203,Suscipit autem sequi id sequi unde inventore.,mod@musedmx.com,1,3,salasmarisol@example.net,375,2025-04-17 19:11:17
204,Nobis ex libero quo vitae blanditiis totam velit pariatur.,mod@musedmx.com,1,5,micaelayanez@example.net,375,2025-03-30 22:02:17
205,Vero soluta molestias quam officia.,mod@musedmx.com,1,2,minervacardona@example.net,375,2025-03-29 02:07:54
206,Dolor dolorem esse sequi officia veniam.,mod@musedmx.com,1,1,ramon62@example.org,375,2025-01-10 11:11:02
207,Iste voluptate tempora minus consequuntur tempore molestias.,mod@musedmx.com,1,2,yrojas@example.net,375,2025-05-03 22:50:31
208,Possimus ex alias repudiandae quia hic alias tempore.,mod@musedmx.com,1,4,zeferinoangulo@example.net,375,2025-02-18 03:31:23
209,Sunt nesciunt aut praesentium perspiciatis optio illo inventore quos sint.,mod@musedmx.com,1,1,vtello@example.org,375,2025-02-15 11:38:37
210,Eos quo doloremque porro odit quibusdam.,mod@musedmx.com,1,4,zaratezoe@example.org,375,2025-05-11 20:57:39
211,Laborum sequi corrupti eos aut dolores iure optio.,mod@musedmx.com,1,5,victoriaalcala@example.org,375,2025-01-12 22:47:49
212,Laudantium cupiditate ad doloremque praesentium non cumque ducimus corporis distinctio.,mod@musedmx.com,1,3,wendolin62@example.net,375,2025-03-29 08:20:52
213,Ipsum nobis a doloremque.,mod@musedmx.com,1,4,grijalvajaqueline@example.net,375,2025-05-16 00:20:46
214,Sed vel voluptas sit amet.,mod@musedmx.com,1,5,sessa67@example.com,375,2025-01-10 02:13:33
215,Soluta excepturi perferendis quo eveniet.,mod@musedmx.com,1,3,sessa45@example.org,375,2025-02-17 17:50:03
216,Reiciendis incidunt minus dolorum voluptates impedit quas.,mod@musedmx.com,1,5,pilarlovato@example.net,375,2025-04-20 14:03:01
217,At saepe rem alias.,mod@musedmx.com,1,5,guillermocoronado@example.com,375,2025-02-16 18:22:27
218,Sunt quo necessitatibus in pariatur dolor quisquam ipsam.,mod@musedmx.com,1,2,karinapina@example.net,375,2025-02-03 22:37:42
219,Quae beatae expedita dicta culpa quos doloribus nisi.,mod@musedmx.com,1,1,wacuna@example.org,375,2025-01-08 02:18:14
220,Deserunt occaecati unde perspiciatis mollitia labore dignissimos quos corrupti.,mod@musedmx.com,1,1,rafael53@example.com,375,2025-03-29 19:25:31
221,Similique adipisci ullam sint totam ratione.,mod@musedmx.com,1,1,alejandrofigueroa@example.net,1473,2025-03-15 14:55:51
222,Saepe suscipit rem ex officiis minima officiis sapiente suscipit.,mod@musedmx.com,1,2,reynaldoromo@example.net,1473,2025-03-05 14:00:28
223,Placeat qui tenetur saepe magnam.,mod@musedmx.com,1,1,salasmarisol@example.net,1473,2025-04-26 13:07:09
224,Ducimus impedit eius fugiat est corrupti optio nostrum.,mod@musedmx.com,1,1,micaelayanez@example.net,1473,2025-03-03 14:10:45
225,Sit amet quisquam perspiciatis atque voluptatem reprehenderit temporibus.,mod@musedmx.com,1,4,minervacardona@example.net,1473,2025-03-27 03:40:40
226,Porro cupiditate qui quas quaerat deleniti doloribus harum pariatur deleniti.,mod@musedmx.com,1,1,ramon62@example.org,1473,2025-01-05 23:19:02
227,Blanditiis ipsam fuga cumque atque sit.,mod@musedmx.com,1,3,yrojas@example.net,1473,2025-04-28 22:33:29
228,Tempore alias velit deserunt totam.,mod@musedmx.com,1,4,zeferinoangulo@example.net,1473,2025-04-19 20:02:13
229,Dolorum natus nihil maxime inventore corrupti eius doloremque consequatur sunt.,mod@musedmx.com,1,3,vtello@example.org,1473,2025-02-16 17:03:07
230,A facere vel hic sint iure.,mod@musedmx.com,1,3,zaratezoe@example.org,1473,2025-01-26 18:50:44
231,Quod molestias eos ipsam aperiam sint.,mod@musedmx.com,1,2,victoriaalcala@example.org,1473,2025-05-24 10:35:01
232,Magnam distinctio itaque ratione corporis ea doloremque minima quia vel.,mod@musedmx.com,1,2,wendolin62@example.net,1473,2025-03-21 15:56:01
233,Dolores inventore impedit corporis nobis eos laudantium repellendus commodi fugiat.,mod@musedmx.com,1,4,grijalvajaqueline@example.net,1473,2025-03-12 02:04:44
234,Vitae eum doloribus numquam vero veniam aliquid eius neque officia.,mod@musedmx.com,1,2,sessa67@example.com,1473,2025-01-13 05:37:45
235,Consequatur provident magnam alias est.,mod@musedmx.com,1,2,sessa45@example.org,1473,2025-03-13 06:02:51
236,Tenetur sit odio quam excepturi quidem sed mollitia quae reiciendis.,mod@musedmx.com,1,5,pilarlovato@example.net,1473,2025-03-09 06:50:30
237,Ipsum neque aspernatur ducimus pariatur facere exercitationem tenetur.,mod@musedmx.com,1,3,guillermocoronado@example.com,1473,2025-01-12 07:01:51
238,Neque quos quaerat corporis.,mod@musedmx.com,1,1,karinapina@example.net,1473,2025-01-03 20:09:00
239,Labore dolor commodi temporibus dolores dolore rerum.,mod@musedmx.com,1,5,wacuna@example.org,1473,2025-01-30 09:07:52
240,Fuga culpa accusamus accusantium perferendis quibusdam ipsam debitis aliquam ipsam.,mod@musedmx.com,1,1,rafael53@example.com,1473,2025-01-15 00:20:00
241,Dolor perspiciatis ratione fugit placeat iusto tenetur.,mod@musedmx.com,1,3,alejandrofigueroa@example.net,2008,2025-04-18 12:23:29
242,Itaque dignissimos accusantium maiores molestiae corrupti dolor impedit aperiam hic.,mod@musedmx.com,1,3,reynaldoromo@example.net,2008,2025-01-08 21:54:59
243,Distinctio a accusamus eaque eligendi error.,mod@musedmx.com,1,2,salasmarisol@example.net,2008,2025-03-10 06:03:07
244,Doloremque temporibus nisi maiores quod.,mod@musedmx.com,1,1,micaelayanez@example.net,2008,2025-05-19 02:48:32
245,Debitis explicabo nam illum ut rem.,mod@musedmx.com,1,5,minervacardona@example.net,2008,2025-04-19 21:44:52
246,Amet ad aspernatur temporibus nulla totam quaerat.,mod@musedmx.com,1,1,ramon62@example.org,2008,2025-04-04 13:41:56
247,Minima iste esse dignissimos porro consequatur.,mod@musedmx.com,1,4,yrojas@example.net,2008,2025-04-14 19:12:10
248,Tempore commodi accusantium aspernatur asperiores voluptatem vel nihil eius.,mod@musedmx.com,1,1,zeferinoangulo@example.net,2008,2025-03-01 00:54:42
249,Et iure ut consequuntur corrupti.,mod@musedmx.com,1,5,vtello@example.org,2008,2025-01-03 16:45:11
250,Deleniti odio vitae sit iusto rem vero maxime similique.,mod@musedmx.com,1,4,zaratezoe@example.org,2008,2025-01-12 15:57:12
251,Voluptatibus dolor odio enim reiciendis omnis.,mod@musedmx.com,1,4,victoriaalcala@example.org,2008,2025-04-30 18:46:08
252,Commodi veritatis sequi saepe corporis aperiam corporis necessitatibus dolore repudiandae.,mod@musedmx.com,1,4,wendolin62@example.net,2008,2025-03-16 04:21:28
253,Vero illo maiores consectetur.,mod@musedmx.com,1,5,grijalvajaqueline@example.net,2008,2025-04-07 07:10:26
254,Temporibus saepe iste veritatis voluptate vel.,mod@musedmx.com,1,4,sessa67@example.com,2008,2025-05-23 01:08:39
255,Laudantium ipsum sequi hic tenetur occaecati possimus.,mod@musedmx.com,1,4,sessa45@example.org,2008,2025-02-01 21:05:22
256,Fugiat ipsum adipisci illum nihil quasi quos necessitatibus.,mod@musedmx.com,1,5,pilarlovato@example.net,2008,2025-03-15 06:27:52
257,Debitis quam mollitia itaque est tenetur magni et.,mod@musedmx.com,1,4,guillermocoronado@example.com,2008,2025-04-23 22:27:53
258,Suscipit libero provident accusantium labore asperiores perspiciatis.,mod@musedmx.com,1,3,karinapina@example.net,2008,2025-05-04 21:28:08
259,Eaque accusamus necessitatibus molestiae occaecati.,mod@musedmx.com,1,4,wacuna@example.org,2008,2025-01-27 02:56:36
260,Earum aliquam dicta veniam.,mod@musedmx.com,1,5,rafael53@example.com,2008,2025-01-01 10:54:13
261,Corrupti ut veniam enim facere veritatis odio ipsum aliquid provident.,mod@musedmx.com,1,3,alejandrofigueroa@example.net,15,2025-04-03 10:42:38
262,Dignissimos sit adipisci nam dolor vero.,mod@musedmx.com,1,3,reynaldoromo@example.net,15,2025-01-28 03:45:10
263,Occaecati esse quis voluptatibus quasi odio modi numquam sit commodi.,mod@musedmx.com,1,2,salasmarisol@example.net,15,2025-03-01 06:23:47
264,Molestiae qui quae eveniet sunt mollitia beatae delectus molestias dolores.,mod@musedmx.com,1,3,micaelayanez@example.net,15,2025-03-07 21:09:08
265,Minima corrupti at culpa similique necessitatibus reprehenderit cupiditate.,mod@musedmx.com,1,3,minervacardona@example.net,15,2025-05-11 05:52:29
266,Accusantium recusandae suscipit corrupti voluptates.,mod@musedmx.com,1,3,ramon62@example.org,15,2025-02-08 04:03:12
267,Excepturi ducimus itaque tempore quibusdam illo quas.,mod@musedmx.com,1,4,yrojas@example.net,15,2025-02-02 08:08:21
268,Voluptate blanditiis cupiditate enim reprehenderit.,mod@musedmx.com,1,3,zeferinoangulo@example.net,15,2025-05-22 17:46:47
269,Occaecati accusantium non quia modi minima ab neque.,mod@musedmx.com,1,4,vtello@example.org,15,2025-01-05 06:14:55
270,Tenetur quia deserunt alias perspiciatis.,mod@musedmx.com,1,4,zaratezoe@example.org,15,2025-04-01 01:57:04
271,Suscipit excepturi eum omnis numquam veniam.,mod@musedmx.com,1,1,victoriaalcala@example.org,15,2025-03-18 01:12:41
272,Laboriosam vitae corrupti magnam unde beatae temporibus quas.,mod@musedmx.com,1,1,wendolin62@example.net,15,2025-01-21 14:43:41
273,Similique architecto laboriosam vitae temporibus corporis quod.,mod@musedmx.com,1,3,grijalvajaqueline@example.net,15,2025-02-06 05:50:04
274,Ipsa modi soluta esse alias cupiditate qui.,mod@musedmx.com,1,5,sessa67@example.com,15,2025-05-26 16:13:18
275,Consequuntur nesciunt nisi tempora provident non saepe distinctio.,mod@musedmx.com,1,3,sessa45@example.org,15,2025-04-07 18:47:28
276,Ut tempore vero fuga veritatis porro excepturi.,mod@musedmx.com,1,2,pilarlovato@example.net,15,2025-03-09 20:21:40
277,Nemo sequi quam quam asperiores aliquid minus libero.,mod@musedmx.com,1,4,guillermocoronado@example.com,15,2025-05-07 10:50:46
278,Eaque impedit vitae nulla officiis.,mod@musedmx.com,1,5,karinapina@example.net,15,2025-04-06 21:44:53
279,Ducimus rerum laborum expedita ipsum sint distinctio.,mod@musedmx.com,1,2,wacuna@example.org,15,2025-02-17 05:16:53
280,Reiciendis doloremque facilis dolores assumenda explicabo architecto aspernatur repellat doloremque.,mod@musedmx.com,1,2,rafael53@example.com,15,2025-02-24 22:10:39
281,Ducimus pariatur doloribus voluptate corrupti molestias doloribus et exercitationem in.,mod@musedmx.com,1,2,alejandrofigueroa@example.net,462,2025-04-28 15:09:26
282,Voluptates culpa deleniti est consectetur quae nulla perferendis reprehenderit.,mod@musedmx.com,1,4,reynaldoromo@example.net,462,2025-01-08 16:26:18
283,Minus ipsa quasi eum corporis quo deserunt aliquid inventore debitis.,mod@musedmx.com,1,3,salasmarisol@example.net,462,2025-01-01 22:49:34
284,In expedita qui autem explicabo deleniti est rem cupiditate.,mod@musedmx.com,1,2,micaelayanez@example.net,462,2025-05-18 09:03:33
285,Ipsam aspernatur tempora ad fugit vero eius dignissimos quam.,mod@musedmx.com,1,4,minervacardona@example.net,462,2025-01-20 05:27:53
286,Veniam aliquam qui sit ratione unde odit.,mod@musedmx.com,1,5,ramon62@example.org,462,2025-04-03 08:21:15
287,Consectetur ad veritatis consectetur autem corporis.,mod@musedmx.com,1,1,yrojas@example.net,462,2025-01-03 23:46:59
288,Eum magni quis aliquid natus nemo quibusdam porro voluptatem.,mod@musedmx.com,1,2,zeferinoangulo@example.net,462,2025-05-09 13:51:02
289,Rerum aliquid ratione aliquam.,mod@musedmx.com,1,1,vtello@example.org,462,2025-03-12 11:35:58
290,Velit expedita dolor corrupti aliquam beatae odio fugiat pariatur esse.,mod@musedmx.com,1,3,zaratezoe@example.org,462,2025-05-07 22:24:22
291,Possimus cum nemo nesciunt itaque dignissimos doloremque at provident accusantium.,mod@musedmx.com,1,1,victoriaalcala@example.org,462,2025-02-25 00:24:31
292,Minima voluptatibus rem dolore eligendi vel possimus odit optio cum.,mod@musedmx.com,1,1,wendolin62@example.net,462,2025-04-11 19:38:59
293,Ullam sequi praesentium distinctio suscipit consectetur impedit iure maiores nulla.,mod@musedmx.com,1,1,grijalvajaqueline@example.net,462,2025-03-02 23:01:12
294,Quasi tempora doloremque accusantium delectus hic maxime suscipit eaque.,mod@musedmx.com,1,5,sessa67@example.com,462,2025-03-30 05:45:27
295,Distinctio officia magnam sed aspernatur.,mod@musedmx.com,1,4,sessa45@example.org,462,2025-04-04 12:34:56
296,Delectus ut eos eveniet blanditiis sequi dolores quod possimus quo.,mod@musedmx.com,1,3,pilarlovato@example.net,462,2025-04-14 19:34:11
297,Dolor dicta vel commodi libero iste exercitationem esse.,mod@musedmx.com,1,1,guillermocoronado@example.com,462,2025-03-25 16:15:39
298,Amet iste quo explicabo dolorem sint.,mod@musedmx.com,1,1,karinapina@example.net,462,2025-01-16 21:06:18
299,Repellat corporis doloribus quidem minima deserunt totam at perferendis.,mod@musedmx.com,1,1,wacuna@example.org,462,2025-03-16 21:06:16
300,Pariatur quas cumque deleniti atque tempore.,mod@musedmx.com,1,3,rafael53@example.com,462,2025-01-30 17:44:58
301,Ad molestiae alias distinctio tenetur libero reiciendis labore.,mod@musedmx.com,1,4,alejandrofigueroa@example.net,969,2025-04-21 06:55:58
302,Rem sed atque animi magni ipsum quos eum omnis ipsam doloremque.,mod@musedmx.com,1,1,reynaldoromo@example.net,969,2025-04-13 03:43:31
303,Magni eius optio id deleniti consectetur ducimus quia esse.,mod@musedmx.com,1,1,salasmarisol@example.net,969,2025-04-26 20:04:54
304,Quaerat qui sint tenetur quo voluptatibus totam id corporis.,mod@musedmx.com,1,5,micaelayanez@example.net,969,2025-05-26 11:33:20
305,Quisquam amet eos laborum sed ducimus non saepe voluptatum animi.,mod@musedmx.com,1,4,minervacardona@example.net,969,2025-05-02 08:21:05
306,Nam minus repudiandae culpa autem nostrum quo consectetur laudantium optio incidunt.,mod@musedmx.com,1,1,ramon62@example.org,969,2025-03-23 02:39:37
307,Ipsum distinctio eveniet placeat eius consequuntur porro cupiditate rerum veritatis.,mod@musedmx.com,1,1,yrojas@example.net,969,2025-04-04 13:21:46
308,Cum numquam corporis consectetur excepturi id ab eveniet nihil alias.,mod@musedmx.com,1,2,zeferinoangulo@example.net,969,2025-04-28 06:31:41
309,Totam molestiae aperiam animi deleniti deleniti at recusandae dolorum fugit.,mod@musedmx.com,1,5,vtello@example.org,969,2025-05-09 05:12:55
310,Architecto cum eius neque blanditiis sint illum quidem optio voluptatum.,mod@musedmx.com,1,4,zaratezoe@example.org,969,2025-01-06 09:21:57
311,Ad sint nihil quo soluta.,mod@musedmx.com,1,3,victoriaalcala@example.org,969,2025-03-07 07:13:31
312,Doloremque consectetur nulla at numquam voluptatum labore delectus at.,mod@musedmx.com,1,2,wendolin62@example.net,969,2025-05-07 11:15:51
313,Occaecati ullam aperiam reprehenderit voluptatibus nisi nemo dolorum quod impedit.,mod@musedmx.com,1,5,grijalvajaqueline@example.net,969,2025-02-08 01:26:05
314,Iure nihil perspiciatis maiores aliquid ex tempora inventore quasi.,mod@musedmx.com,1,2,sessa67@example.com,969,2025-04-10 03:52:43
315,Cum aliquam distinctio provident sequi et.,mod@musedmx.com,1,2,sessa45@example.org,969,2025-02-11 05:08:48
316,Harum tenetur error distinctio nisi nihil temporibus.,mod@musedmx.com,1,3,pilarlovato@example.net,969,2025-03-26 11:06:53
317,Magni est vero quis illum unde architecto dolore.,mod@musedmx.com,1,5,guillermocoronado@example.com,969,2025-01-31 18:54:30
318,Ratione fugit architecto nam magnam.,mod@musedmx.com,1,5,karinapina@example.net,969,2025-01-13 16:43:44
319,Laborum sed ipsam voluptate ut nulla ex repellat voluptatem ipsum.,mod@musedmx.com,1,2,wacuna@example.org,969,2025-03-10 10:32:41
320,Est occaecati inventore consequatur quaerat consequatur tenetur.,mod@musedmx.com,1,2,rafael53@example.com,969,2025-03-26 18:41:46
321,Adipisci tempora sequi voluptas nostrum placeat.,mod@musedmx.com,1,2,alejandrofigueroa@example.net,2156,2025-01-19 01:29:21
322,Dolor fugit ab sit impedit.,mod@musedmx.com,1,5,reynaldoromo@example.net,2156,2025-02-24 00:21:47
323,Quidem facilis esse quidem sunt perferendis hic totam veritatis doloremque.,mod@musedmx.com,1,4,salasmarisol@example.net,2156,2025-03-14 13:34:42
324,Optio nostrum beatae ipsam deserunt veniam quasi optio commodi.,mod@musedmx.com,1,3,micaelayanez@example.net,2156,2025-05-27 15:11:59
325,Aperiam neque distinctio tempore consequuntur itaque earum ipsa fuga fugit.,mod@musedmx.com,1,1,minervacardona@example.net,2156,2025-03-02 01:57:03
326,Tenetur accusantium itaque debitis explicabo facilis ducimus quis.,mod@musedmx.com,1,4,ramon62@example.org,2156,2025-03-24 06:27:39
327,Quaerat repellat modi repellendus numquam iure ut neque ipsa.,mod@musedmx.com,1,5,yrojas@example.net,2156,2025-02-16 12:49:18
328,Ad maxime quas dolores ratione autem.,mod@musedmx.com,1,1,zeferinoangulo@example.net,2156,2025-03-03 06:08:23
329,Neque ad velit nobis molestiae iure hic numquam perferendis eum ab.,mod@musedmx.com,1,4,vtello@example.org,2156,2025-01-02 20:16:05
330,Vitae voluptate hic accusamus esse id illo.,mod@musedmx.com,1,3,zaratezoe@example.org,2156,2025-02-06 20:37:35
331,Provident atque beatae totam a in magni.,mod@musedmx.com,1,2,victoriaalcala@example.org,2156,2025-04-16 01:47:27
332,Quo unde id veritatis.,mod@musedmx.com,1,5,wendolin62@example.net,2156,2025-01-30 22:43:18
333,Labore cum suscipit sit assumenda aspernatur.,mod@musedmx.com,1,2,grijalvajaqueline@example.net,2156,2025-02-01 03:38:17
334,Corrupti voluptatibus necessitatibus molestiae ex eaque quod laborum architecto iste.,mod@musedmx.com,1,4,sessa67@example.com,2156,2025-02-12 00:24:50
335,Culpa perspiciatis incidunt dolorum et blanditiis aut dolores.,mod@musedmx.com,1,4,sessa45@example.org,2156,2025-03-07 07:15:23
336,Deleniti accusantium ex necessitatibus iure aliquid odio fuga excepturi.,mod@musedmx.com,1,3,pilarlovato@example.net,2156,2025-04-07 17:23:59
337,Dolorum enim consequatur libero commodi recusandae modi voluptate hic.,mod@musedmx.com,1,5,guillermocoronado@example.com,2156,2025-01-04 19:53:57
338,Neque magni nam libero reprehenderit eaque commodi quia.,mod@musedmx.com,1,4,karinapina@example.net,2156,2025-02-24 22:57:45
339,Quaerat dolorum molestiae odit qui rem.,mod@musedmx.com,1,4,wacuna@example.org,2156,2025-01-15 23:54:56
340,Dolore illum enim doloremque neque excepturi impedit neque deleniti.,mod@musedmx.com,1,5,rafael53@example.com,2156,2025-02-01 00:59:37
341,Accusamus unde excepturi illo corporis nam illum nobis culpa.,mod@musedmx.com,1,4,alejandrofigueroa@example.net,1313,2025-01-19 21:04:00
342,Ut omnis asperiores id illo quibusdam dicta.,mod@musedmx.com,1,1,reynaldoromo@example.net,1313,2025-02-02 01:07:22
343,Hic eaque at nulla.,mod@musedmx.com,1,3,salasmarisol@example.net,1313,2025-03-12 13:23:27
344,Ipsum ad ipsum labore quisquam consectetur.,mod@musedmx.com,1,5,micaelayanez@example.net,1313,2025-04-13 14:52:15
345,Nemo nemo laboriosam deleniti optio repudiandae placeat.,mod@musedmx.com,1,4,minervacardona@example.net,1313,2025-04-02 10:40:44
346,Maiores voluptatum excepturi error cum provident id.,mod@musedmx.com,1,1,ramon62@example.org,1313,2025-04-06 23:13:59
347,Neque odio nam nam exercitationem vel eveniet quidem fuga totam.,mod@musedmx.com,1,5,yrojas@example.net,1313,2025-03-11 14:03:34
348,Expedita quam aut eius omnis at repellat quod.,mod@musedmx.com,1,3,zeferinoangulo@example.net,1313,2025-02-23 08:18:13
349,Incidunt quod quasi at totam illo odio voluptatum exercitationem.,mod@musedmx.com,1,2,vtello@example.org,1313,2025-02-05 02:21:30
350,Accusantium rem magni eveniet officia at praesentium adipisci necessitatibus.,mod@musedmx.com,1,1,zaratezoe@example.org,1313,2025-01-07 03:11:26
351,Commodi reiciendis dolores sed deleniti expedita corrupti eius nemo.,mod@musedmx.com,1,3,victoriaalcala@example.org,1313,2025-02-09 05:00:28
352,Nulla alias aspernatur hic exercitationem hic eaque magni et temporibus.,mod@musedmx.com,1,5,wendolin62@example.net,1313,2025-05-13 09:42:01
353,Quidem totam qui blanditiis natus.,mod@musedmx.com,1,4,grijalvajaqueline@example.net,1313,2025-04-12 16:02:22
354,Blanditiis blanditiis velit rem ad vero saepe eligendi eos.,mod@musedmx.com,1,4,sessa67@example.com,1313,2025-04-08 04:31:20
355,Ratione dolores quisquam accusantium nemo quae perferendis delectus iure.,mod@musedmx.com,1,1,sessa45@example.org,1313,2025-04-27 14:56:14
356,Cumque maiores assumenda accusantium voluptatem doloribus.,mod@musedmx.com,1,1,pilarlovato@example.net,1313,2025-04-25 00:55:01
357,Molestias fuga quae corporis libero eius id cum facere quod.,mod@musedmx.com,1,2,guillermocoronado@example.com,1313,2025-03-13 22:35:56
358,Facere impedit occaecati fugit facilis ipsa atque qui molestiae laborum.,mod@musedmx.com,1,4,karinapina@example.net,1313,2025-05-01 05:45:13
359,Placeat officiis itaque cum autem nisi sed.,mod@musedmx.com,1,3,wacuna@example.org,1313,2025-01-31 11:26:29
360,Sed earum aliquid corrupti aut.,mod@musedmx.com,1,4,rafael53@example.com,1313,2025-03-22 04:45:06
361,Possimus assumenda laudantium repellendus vero voluptatem.,mod@musedmx.com,1,2,alejandrofigueroa@example.net,854,2025-04-24 09:10:39
362,Ex aliquid molestias facilis repellendus explicabo enim.,mod@musedmx.com,1,3,reynaldoromo@example.net,854,2025-02-09 21:13:13
363,Dolor iure eligendi ducimus delectus.,mod@musedmx.com,1,4,salasmarisol@example.net,854,2025-03-10 06:54:00
364,Consequuntur impedit est enim.,mod@musedmx.com,1,2,micaelayanez@example.net,854,2025-04-27 05:11:06
365,Saepe quidem at dignissimos aliquam doloribus.,mod@musedmx.com,1,4,minervacardona@example.net,854,2025-05-18 08:36:14
366,Quos iure sint incidunt sint id.,mod@musedmx.com,1,1,ramon62@example.org,854,2025-02-23 16:18:54
367,Culpa dolores deserunt delectus nulla quidem delectus ullam dolorum.,mod@musedmx.com,1,2,yrojas@example.net,854,2025-03-08 19:57:17
368,Voluptatum ipsam eveniet ab sed odio laudantium qui animi.,mod@musedmx.com,1,1,zeferinoangulo@example.net,854,2025-02-25 01:53:16
369,Esse saepe amet quidem quos consectetur commodi qui.,mod@musedmx.com,1,1,vtello@example.org,854,2025-01-17 04:47:09
370,Quidem expedita excepturi quis itaque.,mod@musedmx.com,1,1,zaratezoe@example.org,854,2025-03-01 06:04:31
371,Pariatur recusandae magnam deleniti enim quam laudantium dolore totam odit.,mod@musedmx.com,1,4,victoriaalcala@example.org,854,2025-02-25 23:27:15
372,Dolores beatae et maxime fuga.,mod@musedmx.com,1,2,wendolin62@example.net,854,2025-02-14 05:00:53
373,Corporis laborum autem possimus praesentium neque quia alias autem consectetur suscipit.,mod@musedmx.com,1,3,grijalvajaqueline@example.net,854,2025-03-10 21:02:02
374,Id facilis delectus non repellendus.,mod@musedmx.com,1,4,sessa67@example.com,854,2025-04-15 01:06:04
375,Odio harum sed odit necessitatibus voluptatibus.,mod@musedmx.com,1,1,sessa45@example.org,854,2025-03-27 22:06:56
376,Dolor placeat asperiores sint mollitia consequatur.,mod@musedmx.com,1,4,pilarlovato@example.net,854,2025-01-31 02:30:06
377,Eveniet commodi blanditiis omnis unde blanditiis.,mod@musedmx.com,1,4,guillermocoronado@example.com,854,2025-02-03 03:53:44
378,Pariatur dignissimos quae ut iusto illo.,mod@musedmx.com,1,1,karinapina@example.net,854,2025-04-16 09:58:47
379,Veniam reprehenderit alias accusantium facere distinctio alias soluta rerum officiis.,mod@musedmx.com,1,3,wacuna@example.org,854,2025-03-29 12:54:12
380,Itaque facere iste quod tenetur.,mod@musedmx.com,1,3,rafael53@example.com,854,2025-03-27 16:18:49
381,Reiciendis sed assumenda minima laboriosam facilis.,mod@musedmx.com,1,3,alejandrofigueroa@example.net,1096,2025-05-05 15:58:47
382,Occaecati eaque ducimus adipisci.,mod@musedmx.com,1,5,reynaldoromo@example.net,1096,2025-02-03 00:40:28
383,Exercitationem repellendus quam pariatur possimus quae.,mod@musedmx.com,1,2,salasmarisol@example.net,1096,2025-04-18 16:06:18
384,Deleniti dignissimos id debitis fugit porro inventore iste autem quae.,mod@musedmx.com,1,1,micaelayanez@example.net,1096,2025-01-26 02:18:30
385,Totam deleniti aperiam modi eveniet.,mod@musedmx.com,1,5,minervacardona@example.net,1096,2025-02-17 07:28:34
386,Qui numquam commodi ex.,mod@musedmx.com,1,1,ramon62@example.org,1096,2025-03-07 22:57:33
387,Quos quia voluptate quaerat eveniet et enim perferendis dolore doloremque.,mod@musedmx.com,1,5,yrojas@example.net,1096,2025-02-20 12:28:57
388,Doloribus a consequuntur beatae.,mod@musedmx.com,1,4,zeferinoangulo@example.net,1096,2025-05-19 00:30:56
389,Deserunt minima repellendus reiciendis consequatur ad quos pariatur veniam animi.,mod@musedmx.com,1,4,vtello@example.org,1096,2025-02-03 01:21:21
390,Nam nisi mollitia non numquam similique libero perspiciatis mollitia et.,mod@musedmx.com,1,2,zaratezoe@example.org,1096,2025-04-08 02:47:24
391,Nostrum officiis esse dolorum tempore quae voluptates fugit.,mod@musedmx.com,1,1,victoriaalcala@example.org,1096,2025-02-24 18:15:35
392,Deleniti laudantium omnis placeat est libero illum impedit tempora adipisci.,mod@musedmx.com,1,5,wendolin62@example.net,1096,2025-04-14 23:29:19
393,Excepturi ad eligendi eius impedit hic rem velit laudantium totam.,mod@musedmx.com,1,3,grijalvajaqueline@example.net,1096,2025-04-28 13:45:41
394,Excepturi iste quasi eaque impedit.,mod@musedmx.com,1,2,sessa67@example.com,1096,2025-01-10 17:36:40
395,A totam deserunt doloribus quam nostrum quod.,mod@musedmx.com,1,2,sessa45@example.org,1096,2025-05-05 18:35:59
396,Animi veniam aliquid omnis adipisci aperiam.,mod@musedmx.com,1,3,pilarlovato@example.net,1096,2025-01-22 05:15:21
397,Illum aliquam itaque deserunt id laborum laborum optio dolore mollitia.,mod@musedmx.com,1,4,guillermocoronado@example.com,1096,2025-03-17 17:12:35
398,Mollitia quasi porro modi quam aut tempora harum unde.,mod@musedmx.com,1,2,karinapina@example.net,1096,2025-05-13 17:15:44
399,Similique enim incidunt labore nobis ratione consequatur quisquam totam voluptatem.,mod@musedmx.com,1,2,wacuna@example.org,1096,2025-01-14 02:52:40
400,Iure commodi eveniet quisquam accusantium accusamus vero rem voluptatibus.,mod@musedmx.com,1,2,rafael53@example.com,1096,2025-02-25 01:51:06
401,Consequatur expedita accusamus aspernatur dolorum dolorum.,mod@musedmx.com,1,5,alejandrofigueroa@example.net,1337,2025-02-04 02:57:20
402,Cupiditate iusto occaecati quas saepe possimus dignissimos vel animi.,mod@musedmx.com,1,3,reynaldoromo@example.net,1337,2025-02-06 22:22:00
403,Velit velit ea recusandae perferendis voluptates nam.,mod@musedmx.com,1,1,salasmarisol@example.net,1337,2025-05-19 15:44:37
404,Quas perspiciatis nam saepe sequi ad cupiditate.,mod@musedmx.com,1,5,micaelayanez@example.net,1337,2025-01-23 09:36:27
405,Accusamus facere et id vero ab qui ipsum repellat.,mod@musedmx.com,1,5,minervacardona@example.net,1337,2025-01-19 21:59:06
406,Fugiat aliquid quidem distinctio impedit optio.,mod@musedmx.com,1,4,ramon62@example.org,1337,2025-05-25 12:08:18
407,Dolor a quo molestias nesciunt nemo nostrum nemo pariatur.,mod@musedmx.com,1,2,yrojas@example.net,1337,2025-04-23 00:56:06
408,Ipsam voluptatibus magnam sequi rerum eaque earum laborum.,mod@musedmx.com,1,3,zeferinoangulo@example.net,1337,2025-01-05 11:43:38
409,Excepturi quam eaque accusantium blanditiis exercitationem corporis eos atque.,mod@musedmx.com,1,2,vtello@example.org,1337,2025-03-07 18:37:33
410,Veritatis eos impedit suscipit nihil dignissimos incidunt.,mod@musedmx.com,1,5,zaratezoe@example.org,1337,2025-02-01 17:45:08
411,Odio officia quod quasi molestias.,mod@musedmx.com,1,3,victoriaalcala@example.org,1337,2025-03-26 09:28:34
412,Vero consequuntur eveniet ut magnam maiores quidem quibusdam.,mod@musedmx.com,1,3,wendolin62@example.net,1337,2025-05-01 19:09:59
413,Optio maiores labore non dolor.,mod@musedmx.com,1,4,grijalvajaqueline@example.net,1337,2025-02-14 03:34:49
414,Aliquid veritatis unde quisquam blanditiis ratione.,mod@musedmx.com,1,1,sessa67@example.com,1337,2025-02-01 17:07:03
415,Dolores eligendi omnis minima commodi quidem atque quidem.,mod@musedmx.com,1,4,sessa45@example.org,1337,2025-04-11 11:29:31
416,Explicabo aut vel doloribus odit laudantium ad.,mod@musedmx.com,1,5,pilarlovato@example.net,1337,2025-05-27 17:40:46
417,Voluptatibus dolorum animi incidunt reprehenderit inventore debitis quibusdam nisi.,mod@musedmx.com,1,3,guillermocoronado@example.com,1337,2025-01-29 08:44:37
418,Aut omnis tenetur veritatis culpa.,mod@musedmx.com,1,4,karinapina@example.net,1337,2025-05-07 03:56:10
419,Modi sed at deleniti totam.,mod@musedmx.com,1,5,wacuna@example.org,1337,2025-04-22 00:51:59
420,Amet quis dicta voluptatem.,mod@musedmx.com,1,5,rafael53@example.com,1337,2025-05-22 05:51:05
421,Eius ullam minima consectetur ex neque autem iusto ut delectus.,mod@musedmx.com,1,2,alejandrofigueroa@example.net,1532,2025-05-10 05:26:48
422,Corrupti dolor magni debitis dicta.,mod@musedmx.com,1,1,reynaldoromo@example.net,1532,2025-05-17 14:20:16
423,Nulla modi ad quidem iste quaerat iure.,mod@musedmx.com,1,2,salasmarisol@example.net,1532,2025-02-27 05:38:13
424,Tempora alias quis ipsum debitis vel est cumque asperiores.,mod@musedmx.com,1,3,micaelayanez@example.net,1532,2025-01-07 09:57:22
425,Aliquid aut qui nobis.,mod@musedmx.com,1,1,minervacardona@example.net,1532,2025-02-18 11:03:05
426,Sint facere voluptas quod veritatis quaerat corporis incidunt quam.,mod@musedmx.com,1,3,ramon62@example.org,1532,2025-01-08 02:18:55
427,Nobis eius ab occaecati accusamus vitae occaecati enim sunt possimus ab.,mod@musedmx.com,1,4,yrojas@example.net,1532,2025-05-04 21:41:24
428,Earum voluptatum qui tempora distinctio incidunt.,mod@musedmx.com,1,5,zeferinoangulo@example.net,1532,2025-03-15 10:49:21
429,Soluta labore explicabo quasi.,mod@musedmx.com,1,4,vtello@example.org,1532,2025-03-08 09:04:00
430,Quaerat cum ipsa ea nesciunt mollitia ratione earum quia voluptatum reprehenderit.,mod@musedmx.com,1,1,zaratezoe@example.org,1532,2025-03-01 12:52:04
431,Quisquam neque odio optio aliquid corporis perspiciatis debitis.,mod@musedmx.com,1,3,victoriaalcala@example.org,1532,2025-04-26 08:57:54
432,Voluptates asperiores harum voluptatem quo ut vel ipsum numquam earum.,mod@musedmx.com,1,2,wendolin62@example.net,1532,2025-02-01 20:36:21
433,Occaecati temporibus maiores aut assumenda reprehenderit aspernatur.,mod@musedmx.com,1,5,grijalvajaqueline@example.net,1532,2025-02-16 05:49:19
434,Minus quibusdam rem mollitia quae placeat minima.,mod@musedmx.com,1,1,sessa67@example.com,1532,2025-01-19 06:13:33
435,Vero modi quis et dolor quo aliquam.,mod@musedmx.com,1,2,sessa45@example.org,1532,2025-04-14 04:12:48
436,Dolorum provident quidem iste consequuntur maxime molestias.,mod@musedmx.com,1,3,pilarlovato@example.net,1532,2025-03-29 12:50:08
437,Quas nam incidunt enim accusantium facere dolore.,mod@musedmx.com,1,4,guillermocoronado@example.com,1532,2025-01-09 12:13:56
438,Occaecati eum perferendis tenetur possimus officia.,mod@musedmx.com,1,4,karinapina@example.net,1532,2025-04-24 21:16:18
439,Quam placeat perspiciatis distinctio unde minima.,mod@musedmx.com,1,2,wacuna@example.org,1532,2025-04-21 16:52:04
440,Doloremque cupiditate nesciunt nesciunt ut sit illo architecto ullam aperiam.,mod@musedmx.com,1,2,rafael53@example.com,1532,2025-04-14 01:05:46
441,Mollitia deleniti explicabo voluptatibus doloribus ipsa voluptatibus similique corporis voluptatum.,mod@musedmx.com,1,3,alejandrofigueroa@example.net,689,2025-03-04 00:52:30
442,Quas repellendus eos itaque ut sapiente.,mod@musedmx.com,1,4,reynaldoromo@example.net,689,2025-05-03 15:33:35
443,Ratione fuga tempore error rerum modi sed rem.,mod@musedmx.com,1,4,salasmarisol@example.net,689,2025-02-11 02:55:44
444,Repellat molestias ipsam dolore corporis repudiandae excepturi corporis.,mod@musedmx.com,1,3,micaelayanez@example.net,689,2025-01-14 22:27:59
445,Deleniti dolor error atque perspiciatis sint consequuntur iste.,mod@musedmx.com,1,3,minervacardona@example.net,689,2025-02-04 03:36:22
446,Illo quia vitae aut itaque molestiae assumenda repellendus.,mod@musedmx.com,1,5,ramon62@example.org,689,2025-02-24 02:46:48
447,Veniam quas nam tenetur et in.,mod@musedmx.com,1,2,yrojas@example.net,689,2025-03-31 22:19:46
448,Sequi dolor numquam rem molestias eveniet accusantium.,mod@musedmx.com,1,4,zeferinoangulo@example.net,689,2025-02-12 02:15:46
449,Tenetur maxime iure numquam est.,mod@musedmx.com,1,3,vtello@example.org,689,2025-05-19 03:27:57
450,Minus odit delectus unde itaque.,mod@musedmx.com,1,4,zaratezoe@example.org,689,2025-01-08 00:17:20
451,Nihil occaecati atque eaque ex deserunt architecto.,mod@musedmx.com,1,5,victoriaalcala@example.org,689,2025-01-22 22:36:57
452,At cumque cumque quis vel totam minima.,mod@musedmx.com,1,5,wendolin62@example.net,689,2025-01-01 21:14:29
453,Nihil nihil et a dolorem cumque animi inventore.,mod@musedmx.com,1,4,grijalvajaqueline@example.net,689,2025-03-04 10:33:38
454,Dolores tempore fugit beatae ea repellendus dolor mollitia.,mod@musedmx.com,1,1,sessa67@example.com,689,2025-03-21 10:45:18
455,Aspernatur expedita non ducimus animi facilis libero provident.,mod@musedmx.com,1,5,sessa45@example.org,689,2025-02-09 02:29:29
456,Eum assumenda laborum libero eligendi nihil qui excepturi fuga nulla.,mod@musedmx.com,1,4,pilarlovato@example.net,689,2025-02-21 02:53:26
457,Aperiam rem esse deserunt perspiciatis saepe mollitia possimus eum nihil.,mod@musedmx.com,1,1,guillermocoronado@example.com,689,2025-04-06 11:56:51
458,Doloribus dicta neque explicabo ipsa alias doloribus fugit.,mod@musedmx.com,1,3,karinapina@example.net,689,2025-01-22 21:35:34
459,Voluptatum aliquid harum ipsum incidunt occaecati rem accusantium nostrum unde.,mod@musedmx.com,1,1,wacuna@example.org,689,2025-01-18 19:06:23
460,Deleniti sit numquam aliquam quae expedita commodi.,mod@musedmx.com,1,2,rafael53@example.com,689,2025-03-02 11:25:05
461,Quasi aliquid excepturi sit doloribus.,mod@musedmx.com,1,1,alejandrofigueroa@example.net,2311,2025-01-26 03:10:48
462,Iste consectetur aperiam ut et veniam velit.,mod@musedmx.com,1,1,reynaldoromo@example.net,2311,2025-01-21 14:31:06
463,Ab numquam aliquid quisquam id fugit dolorem fuga minus.,mod@musedmx.com,1,4,salasmarisol@example.net,2311,2025-01-08 07:03:13
464,Repellendus totam dignissimos minus iste similique iusto eum porro.,mod@musedmx.com,1,4,micaelayanez@example.net,2311,2025-04-03 18:30:56
465,Atque repudiandae suscipit placeat veritatis.,mod@musedmx.com,1,4,minervacardona@example.net,2311,2025-04-27 18:40:51
466,Aliquid consequatur excepturi corporis.,mod@musedmx.com,1,1,ramon62@example.org,2311,2025-05-01 11:34:05
467,Praesentium nemo deserunt placeat perferendis repudiandae deleniti nobis.,mod@musedmx.com,1,3,yrojas@example.net,2311,2025-05-02 01:57:23
468,Assumenda porro tempore delectus vitae eaque vel tenetur.,mod@musedmx.com,1,2,zeferinoangulo@example.net,2311,2025-01-29 03:09:52
469,Quas nihil autem aliquid aut facilis suscipit provident.,mod@musedmx.com,1,4,vtello@example.org,2311,2025-01-27 15:36:59
470,Saepe unde natus ex ipsum et.,mod@musedmx.com,1,1,zaratezoe@example.org,2311,2025-02-24 19:43:10
471,Perferendis magnam repellendus quod incidunt.,mod@musedmx.com,1,5,victoriaalcala@example.org,2311,2025-05-27 22:54:26
472,Assumenda maiores quas ex sequi officiis autem.,mod@musedmx.com,1,4,wendolin62@example.net,2311,2025-04-25 14:27:25
473,Distinctio vitae quaerat maxime dolore commodi quo voluptatem.,mod@musedmx.com,1,3,grijalvajaqueline@example.net,2311,2025-03-08 03:30:15
474,Cum perferendis maiores veritatis id.,mod@musedmx.com,1,3,sessa67@example.com,2311,2025-02-11 22:16:54
475,Ex totam tempora ducimus beatae eos consectetur.,mod@musedmx.com,1,5,sessa45@example.org,2311,2025-04-01 20:30:00
476,Voluptatem voluptatum nemo laudantium minima unde doloremque velit.,mod@musedmx.com,1,2,pilarlovato@example.net,2311,2025-02-27 11:02:52
477,Totam quidem rem blanditiis sapiente deleniti veritatis eaque officiis.,mod@musedmx.com,1,1,guillermocoronado@example.com,2311,2025-05-26 02:56:38
478,Tenetur aliquid impedit asperiores quisquam blanditiis nemo recusandae cum praesentium ipsam.,mod@musedmx.com,1,2,karinapina@example.net,2311,2025-02-06 11:28:15
479,Distinctio deserunt aut aliquam molestias incidunt sed a.,mod@musedmx.com,1,5,wacuna@example.org,2311,2025-03-12 00:12:26
480,Impedit optio libero ad beatae dolore id corporis.,mod@musedmx.com,1,1,rafael53@example.com,2311,2025-05-23 15:41:07
481,In ipsum repudiandae quod animi accusantium non cum incidunt hic.,mod@musedmx.com,1,5,alejandrofigueroa@example.net,691,2025-02-20 02:18:50
482,A sit illo eum corporis fugiat.,mod@musedmx.com,1,5,reynaldoromo@example.net,691,2025-03-11 06:46:16
483,Consequuntur temporibus exercitationem dolore corrupti fugiat.,mod@musedmx.com,1,4,salasmarisol@example.net,691,2025-01-21 09:20:28
484,Placeat nobis nostrum reprehenderit corrupti molestias non iusto aliquam assumenda.,mod@musedmx.com,1,3,micaelayanez@example.net,691,2025-01-18 13:01:16
485,Libero perspiciatis placeat id sed consequuntur minus.,mod@musedmx.com,1,2,minervacardona@example.net,691,2025-02-07 01:08:03
486,Voluptatibus molestias molestiae cupiditate dignissimos.,mod@musedmx.com,1,3,ramon62@example.org,691,2025-04-12 04:04:10
487,Et aliquid porro facere debitis deserunt.,mod@musedmx.com,1,3,yrojas@example.net,691,2025-01-19 02:17:01
488,Aut dolorum quam saepe atque dolore beatae.,mod@musedmx.com,1,3,zeferinoangulo@example.net,691,2025-05-06 09:58:01
489,At nesciunt vitae ratione itaque.,mod@musedmx.com,1,2,vtello@example.org,691,2025-02-13 18:22:57
490,Assumenda at itaque dicta eaque dolore saepe suscipit architecto quos.,mod@musedmx.com,1,1,zaratezoe@example.org,691,2025-05-05 14:37:10
491,Sint error aut esse incidunt placeat architecto quis.,mod@musedmx.com,1,3,victoriaalcala@example.org,691,2025-05-27 17:33:04
492,Necessitatibus eveniet ipsa optio in quisquam fugit modi molestiae.,mod@musedmx.com,1,1,wendolin62@example.net,691,2025-03-08 16:22:50
493,Optio quasi dolore corrupti repellendus doloribus.,mod@musedmx.com,1,5,grijalvajaqueline@example.net,691,2025-05-27 11:17:27
494,Nobis odio illum nisi quo iure ipsum ipsa vitae soluta.,mod@musedmx.com,1,4,sessa67@example.com,691,2025-04-25 22:14:29
495,Error tenetur at aspernatur culpa velit dolorem.,mod@musedmx.com,1,3,sessa45@example.org,691,2025-03-27 04:53:51
496,Magni magnam corporis rem quas laborum iste.,mod@musedmx.com,1,4,pilarlovato@example.net,691,2025-01-28 10:45:08
497,Quidem odit eum totam esse aspernatur similique.,mod@musedmx.com,1,1,guillermocoronado@example.com,691,2025-05-09 05:30:24
498,Reiciendis quam iure repellendus illum vel.,mod@musedmx.com,1,3,karinapina@example.net,691,2025-01-12 23:42:50
499,Unde quae in tempora ea aliquam suscipit voluptatum magnam.,mod@musedmx.com,1,1,wacuna@example.org,691,2025-01-30 21:21:44
500,Iste aspernatur facilis dolor nam.,mod@musedmx.com,1,5,rafael53@example.com,691,2025-05-12 15:28:22
501,Unde enim libero magni ea adipisci doloribus dicta minima.,mod@musedmx.com,1,3,alejandrofigueroa@example.net,1105,2025-05-21 22:42:06
502,Repellendus labore commodi modi maxime nemo vero iusto.,mod@musedmx.com,1,1,reynaldoromo@example.net,1105,2025-02-14 01:20:25
503,Ex ut illum minima quod.,mod@musedmx.com,1,2,salasmarisol@example.net,1105,2025-04-16 10:39:00
504,Eaque exercitationem expedita tempora eveniet ut blanditiis tenetur ut.,mod@musedmx.com,1,2,micaelayanez@example.net,1105,2025-02-15 14:14:29
505,Quia dicta incidunt quae molestias doloremque.,mod@musedmx.com,1,3,minervacardona@example.net,1105,2025-03-04 13:56:53
506,Quidem natus ab accusamus modi reprehenderit porro eaque possimus.,mod@musedmx.com,1,3,ramon62@example.org,1105,2025-02-28 07:59:51
507,Quos maxime doloribus tempore eius neque suscipit beatae repellat quaerat.,mod@musedmx.com,1,2,yrojas@example.net,1105,2025-04-21 00:10:48
508,Culpa deleniti quo repellendus minus soluta excepturi perspiciatis.,mod@musedmx.com,1,1,zeferinoangulo@example.net,1105,2025-03-26 14:32:37
509,Omnis nam repellat labore architecto sit deleniti similique dicta corrupti porro.,mod@musedmx.com,1,5,vtello@example.org,1105,2025-04-17 14:52:45
510,Hic earum facilis libero repellat beatae expedita minima dolor itaque.,mod@musedmx.com,1,1,zaratezoe@example.org,1105,2025-04-09 02:42:27
511,Quaerat omnis soluta deserunt quos repellat.,mod@musedmx.com,1,5,victoriaalcala@example.org,1105,2025-04-02 09:06:21
512,Expedita fugit quibusdam molestias suscipit cupiditate.,mod@musedmx.com,1,5,wendolin62@example.net,1105,2025-01-31 06:00:54
513,Cumque doloribus velit dolores sit quasi eum neque.,mod@musedmx.com,1,4,grijalvajaqueline@example.net,1105,2025-04-06 11:13:19
514,Asperiores eum quae harum id dolorem eos.,mod@musedmx.com,1,5,sessa67@example.com,1105,2025-01-14 04:13:13
515,Tempore architecto beatae voluptatem ab eveniet nesciunt.,mod@musedmx.com,1,4,sessa45@example.org,1105,2025-02-03 08:48:35
516,Porro facere nobis magnam odit corrupti quasi.,mod@musedmx.com,1,4,pilarlovato@example.net,1105,2025-04-06 05:18:34
517,Fugit corporis sunt tenetur tempore molestiae quod sapiente reprehenderit vitae.,mod@musedmx.com,1,1,guillermocoronado@example.com,1105,2025-04-29 22:09:24
518,Explicabo voluptates sequi ut maxime.,mod@musedmx.com,1,5,karinapina@example.net,1105,2025-04-03 07:36:26
519,Sunt possimus ipsum aliquam perspiciatis quo.,mod@musedmx.com,1,4,wacuna@example.org,1105,2025-03-28 02:12:23
520,Accusantium voluptate blanditiis beatae minus.,mod@musedmx.com,1,4,rafael53@example.com,1105,2025-04-08 02:48:13
521,Explicabo dolores optio magnam dignissimos.,mod@musedmx.com,1,5,alejandrofigueroa@example.net,2168,2025-01-11 01:55:29
522,Eos laudantium debitis accusamus voluptatum cum est aliquam consequuntur beatae.,mod@musedmx.com,1,3,reynaldoromo@example.net,2168,2025-04-02 11:55:08
523,Hic debitis commodi commodi sint quasi beatae repudiandae.,mod@musedmx.com,1,5,salasmarisol@example.net,2168,2025-05-22 07:40:54
524,Cumque dolore minima dolores eos.,mod@musedmx.com,1,5,micaelayanez@example.net,2168,2025-05-07 20:02:57
525,Qui eum sapiente placeat soluta accusantium voluptates.,mod@musedmx.com,1,2,minervacardona@example.net,2168,2025-04-10 01:45:39
526,Deleniti iure modi ullam expedita itaque molestiae autem.,mod@musedmx.com,1,2,ramon62@example.org,2168,2025-01-02 20:07:51
527,Sequi nobis nesciunt doloremque perferendis velit quam vel amet.,mod@musedmx.com,1,4,yrojas@example.net,2168,2025-02-25 19:08:14
528,Itaque ipsa eaque atque accusantium.,mod@musedmx.com,1,5,zeferinoangulo@example.net,2168,2025-04-28 07:37:07
529,Aperiam officiis minus ullam.,mod@musedmx.com,1,5,vtello@example.org,2168,2025-04-03 22:39:55
530,Neque enim consequuntur est in consectetur quas aut ipsam neque.,mod@musedmx.com,1,2,zaratezoe@example.org,2168,2025-01-08 16:24:10
531,Fugiat optio maiores soluta alias.,mod@musedmx.com,1,3,victoriaalcala@example.org,2168,2025-02-22 13:12:08
532,Dignissimos inventore libero perferendis iusto vitae.,mod@musedmx.com,1,5,wendolin62@example.net,2168,2025-01-08 06:40:32
533,Laborum qui corrupti sequi eius accusantium provident provident.,mod@musedmx.com,1,1,grijalvajaqueline@example.net,2168,2025-05-09 05:43:33
534,Dolore perferendis aut repudiandae quod commodi corporis recusandae quibusdam ab.,mod@musedmx.com,1,5,sessa67@example.com,2168,2025-02-28 10:22:36
535,Labore repellat cumque magnam porro laborum assumenda aliquam eos corrupti facere.,mod@musedmx.com,1,1,sessa45@example.org,2168,2025-03-06 22:47:34
536,Nobis molestias possimus sed nihil.,mod@musedmx.com,1,3,pilarlovato@example.net,2168,2025-05-18 07:02:24
537,Maxime vel doloremque libero nam dolore sit.,mod@musedmx.com,1,1,guillermocoronado@example.com,2168,2025-01-25 05:22:29
538,Nihil assumenda quo asperiores error perspiciatis amet facere.,mod@musedmx.com,1,3,karinapina@example.net,2168,2025-05-01 05:47:58
539,Quisquam unde quis quidem dolore earum debitis quia.,mod@musedmx.com,1,5,wacuna@example.org,2168,2025-02-02 11:09:30
540,Iste earum exercitationem repudiandae doloremque pariatur aut.,mod@musedmx.com,1,1,rafael53@example.com,2168,2025-04-18 03:47:08
541,Quidem quia totam quam nesciunt similique molestiae quod incidunt.,mod@musedmx.com,1,4,alejandrofigueroa@example.net,1893,2025-04-22 13:30:41
542,Error labore enim fugit ducimus asperiores sit quas molestiae quis.,mod@musedmx.com,1,5,reynaldoromo@example.net,1893,2025-04-27 20:45:05
543,Inventore animi et explicabo ratione commodi incidunt.,mod@musedmx.com,1,5,salasmarisol@example.net,1893,2025-04-30 02:26:26
544,Distinctio tempore repudiandae aspernatur quidem voluptatum ipsam.,mod@musedmx.com,1,4,micaelayanez@example.net,1893,2025-03-11 14:10:11
545,Aliquam aut inventore ipsum vitae labore inventore earum rem.,mod@musedmx.com,1,2,minervacardona@example.net,1893,2025-03-15 19:31:35
546,Repellat doloribus doloremque excepturi voluptatibus assumenda quisquam tempora repudiandae sapiente quam.,mod@musedmx.com,1,3,ramon62@example.org,1893,2025-04-22 01:25:47
547,Animi ex veritatis totam cum.,mod@musedmx.com,1,3,yrojas@example.net,1893,2025-04-30 11:17:09
548,Officiis perspiciatis laboriosam fugit architecto vel doloribus blanditiis.,mod@musedmx.com,1,1,zeferinoangulo@example.net,1893,2025-05-15 06:20:07
549,Eum sint quidem voluptate qui voluptates ducimus ipsa repellat doloremque.,mod@musedmx.com,1,5,vtello@example.org,1893,2025-05-05 11:42:43
550,Alias et corrupti voluptatibus eos voluptate illum reiciendis tempora quaerat.,mod@musedmx.com,1,4,zaratezoe@example.org,1893,2025-05-17 18:24:58
551,Quasi deleniti dolores possimus optio porro quaerat temporibus et voluptas.,mod@musedmx.com,1,5,victoriaalcala@example.org,1893,2025-05-24 22:54:09
552,Labore nostrum fuga odio dicta quia non dolor necessitatibus laborum.,mod@musedmx.com,1,4,wendolin62@example.net,1893,2025-03-23 04:31:12
553,Laudantium adipisci cumque asperiores non quibusdam dolorum repellendus voluptate qui.,mod@musedmx.com,1,3,grijalvajaqueline@example.net,1893,2025-01-11 10:40:02
554,Saepe nemo atque voluptates alias nulla inventore repudiandae veritatis excepturi.,mod@musedmx.com,1,4,sessa67@example.com,1893,2025-05-05 00:33:03
555,Pariatur asperiores qui autem dolore distinctio.,mod@musedmx.com,1,3,sessa45@example.org,1893,2025-03-01 04:26:35
556,Placeat nisi sunt adipisci deserunt est ut quos quibusdam illo.,mod@musedmx.com,1,4,pilarlovato@example.net,1893,2025-05-12 15:38:14
557,Non nihil quidem dolorum facere aut ipsa numquam dolorem deleniti.,mod@musedmx.com,1,4,guillermocoronado@example.com,1893,2025-01-17 21:24:59
558,Blanditiis dicta illum necessitatibus inventore.,mod@musedmx.com,1,2,karinapina@example.net,1893,2025-05-04 06:50:44
559,Fugiat numquam in fugit nesciunt officiis nesciunt corrupti eaque.,mod@musedmx.com,1,4,wacuna@example.org,1893,2025-02-12 10:01:37
560,Aliquid tempora rerum dolorum quos id.,mod@musedmx.com,1,5,rafael53@example.com,1893,2025-03-09 13:27:00
561,Molestias ullam quae est quo in iure.,mod@musedmx.com,1,2,alejandrofigueroa@example.net,2236,2025-02-01 02:58:39
562,Delectus omnis voluptate quod pariatur.,mod@musedmx.com,1,4,reynaldoromo@example.net,2236,2025-03-22 18:14:23
563,Optio necessitatibus quisquam corporis doloribus placeat asperiores.,mod@musedmx.com,1,2,salasmarisol@example.net,2236,2025-02-18 06:28:07
564,Nemo omnis optio eius sapiente nulla.,mod@musedmx.com,1,2,micaelayanez@example.net,2236,2025-01-24 20:44:44
565,Exercitationem aut unde magni maxime.,mod@musedmx.com,1,4,minervacardona@example.net,2236,2025-02-04 03:27:02
566,Sint neque sapiente amet dignissimos.,mod@musedmx.com,1,1,ramon62@example.org,2236,2025-01-07 06:18:01
567,Natus atque id reprehenderit.,mod@musedmx.com,1,1,yrojas@example.net,2236,2025-03-21 21:31:29
568,Possimus illo quas accusantium tenetur quos.,mod@musedmx.com,1,4,zeferinoangulo@example.net,2236,2025-03-19 17:32:29
569,Veritatis culpa quisquam quas perferendis voluptatibus.,mod@musedmx.com,1,4,vtello@example.org,2236,2025-01-08 18:04:38
570,Iure quos id accusamus dicta commodi rem hic amet.,mod@musedmx.com,1,1,zaratezoe@example.org,2236,2025-04-21 05:39:39
571,Natus dolores cum dolorem tempore sit quod nobis.,mod@musedmx.com,1,4,victoriaalcala@example.org,2236,2025-02-27 12:36:13
572,Magni omnis repellendus qui aliquam ad est error.,mod@musedmx.com,1,3,wendolin62@example.net,2236,2025-05-03 19:36:26
573,Rerum praesentium voluptatibus vitae natus sit commodi odit voluptates.,mod@musedmx.com,1,4,grijalvajaqueline@example.net,2236,2025-04-22 00:39:54
574,Quos dignissimos rem dolores mollitia.,mod@musedmx.com,1,1,sessa67@example.com,2236,2025-01-20 16:41:21
575,Dolorum eveniet quae quod iure labore vel voluptas animi.,mod@musedmx.com,1,2,sessa45@example.org,2236,2025-01-13 19:34:56
576,Quis quibusdam ducimus porro quod occaecati nobis quae a voluptates.,mod@musedmx.com,1,5,pilarlovato@example.net,2236,2025-04-16 11:34:09
577,Voluptatibus dolore occaecati doloribus laboriosam nisi facere rerum fugiat amet.,mod@musedmx.com,1,3,guillermocoronado@example.com,2236,2025-05-13 22:21:42
578,Eos ab reprehenderit voluptatibus nihil error cum.,mod@musedmx.com,1,4,karinapina@example.net,2236,2025-01-31 21:36:55
579,Natus in reiciendis qui sed eveniet.,mod@musedmx.com,1,2,wacuna@example.org,2236,2025-03-07 20:58:32
580,Dolorum vero commodi modi cupiditate numquam ab cupiditate impedit quia.,mod@musedmx.com,1,1,rafael53@example.com,2236,2025-04-02 09:51:39
581,Eos quibusdam ullam at veniam autem.,mod@musedmx.com,1,2,alejandrofigueroa@example.net,1780,2025-03-17 21:14:39
582,Assumenda dolorem placeat inventore consectetur adipisci incidunt minus.,mod@musedmx.com,1,4,reynaldoromo@example.net,1780,2025-02-25 20:21:24
583,Fugiat ipsam illo similique sint ea.,mod@musedmx.com,1,2,salasmarisol@example.net,1780,2025-03-17 01:11:56
584,Quas quaerat eos dolorem aliquid alias reprehenderit.,mod@musedmx.com,1,3,micaelayanez@example.net,1780,2025-04-20 23:14:34
585,Minus mollitia officia iste amet iure magnam iure.,mod@musedmx.com,1,5,minervacardona@example.net,1780,2025-04-20 18:59:20
586,Ea expedita neque consequuntur explicabo sequi doloremque expedita.,mod@musedmx.com,1,1,ramon62@example.org,1780,2025-01-07 10:26:08
587,Officia magnam quas magni animi optio.,mod@musedmx.com,1,4,yrojas@example.net,1780,2025-04-21 06:26:02
588,Nihil magnam velit ratione molestiae ratione ex architecto eos sint.,mod@musedmx.com,1,4,zeferinoangulo@example.net,1780,2025-05-26 21:37:28
589,Eos impedit numquam velit vitae.,mod@musedmx.com,1,2,vtello@example.org,1780,2025-05-13 06:03:44
590,Ad laboriosam quas quia similique magni corporis.,mod@musedmx.com,1,5,zaratezoe@example.org,1780,2025-05-07 03:42:03
591,Perferendis similique rem alias occaecati aperiam quos quia ut occaecati nam.,mod@musedmx.com,1,5,victoriaalcala@example.org,1780,2025-02-14 13:32:43
592,Laudantium aliquid dolore voluptas error nihil harum ex iusto.,mod@musedmx.com,1,4,wendolin62@example.net,1780,2025-04-22 10:07:39
593,Doloremque deserunt in aliquam libero optio rem.,mod@musedmx.com,1,4,grijalvajaqueline@example.net,1780,2025-05-25 16:31:34
594,Repudiandae eius facere ex voluptatum alias maxime autem.,mod@musedmx.com,1,3,sessa67@example.com,1780,2025-05-01 17:18:31
595,Maxime autem suscipit architecto dolore.,mod@musedmx.com,1,5,sessa45@example.org,1780,2025-05-20 10:35:51
596,Accusantium dignissimos a hic nisi aspernatur vitae deserunt provident.,mod@musedmx.com,1,1,pilarlovato@example.net,1780,2025-01-01 10:08:39
597,Mollitia numquam dicta consequuntur qui ipsum dolore eligendi velit necessitatibus.,mod@musedmx.com,1,3,guillermocoronado@example.com,1780,2025-01-28 01:49:06
598,Debitis mollitia distinctio mollitia animi quas ad architecto consequatur assumenda tenetur.,mod@musedmx.com,1,1,karinapina@example.net,1780,2025-04-05 12:35:27
599,Aut ab impedit consectetur veniam porro repudiandae.,mod@musedmx.com,1,2,wacuna@example.org,1780,2025-02-07 00:35:41
600,Nisi dolore earum cum minima omnis voluptatem voluptatum nisi modi.,mod@musedmx.com,1,1,rafael53@example.com,1780,2025-02-02 13:48:33
