visitas_vi_fechahora,visitas_vi_usr_correo,visitas_vi_mus_id,servicios_ser_id
2025-04-05 23:12:00,alejandrofigueroa@example.net,238,13
2025-04-05 23:12:00,alejandrofigueroa@example.net,238,3
2025-04-05 23:12:00,alejandrofigueroa@example.net,238,9
2025-02-03 08:05:33,reynaldoromo@example.net,238,1
2025-02-03 08:05:33,reynaldoromo@example.net,238,4
2025-02-03 08:05:33,reynaldoromo@example.net,238,10
2025-04-17 14:13:32,salasmarisol@example.net,238,10
2025-04-17 14:13:32,salasmarisol@example.net,238,7
2025-04-17 14:13:32,salasmarisol@example.net,238,4
2025-05-13 14:21:32,micaelayanez@example.net,238,6
2025-05-13 14:21:32,micaelayanez@example.net,238,1
2025-05-13 14:21:32,micaelayanez@example.net,238,10
2025-04-03 05:27:21,minervacardona@example.net,238,6
2025-04-03 05:27:21,minervacardona@example.net,238,2
2025-04-03 05:27:21,minervacardona@example.net,238,9
2025-05-05 20:59:03,ramon62@example.org,238,2
2025-05-05 20:59:03,ramon62@example.org,238,11
2025-05-05 20:59:03,ramon62@example.org,238,7
2025-01-12 07:11:04,yrojas@example.net,238,4
2025-01-12 07:11:04,yrojas@example.net,238,13
2025-01-12 07:11:04,yrojas@example.net,238,9
2025-05-11 18:36:07,zeferinoangulo@example.net,238,2
2025-05-11 18:36:07,zeferinoangulo@example.net,238,1
2025-05-11 18:36:07,zeferinoangulo@example.net,238,11
2025-01-16 17:05:19,vtello@example.org,238,1
2025-01-16 17:05:19,vtello@example.org,238,3
2025-01-16 17:05:19,vtello@example.org,238,7
2025-05-09 14:35:17,zaratezoe@example.org,238,1
2025-05-09 14:35:17,zaratezoe@example.org,238,10
2025-05-09 14:35:17,zaratezoe@example.org,238,9
2025-02-17 07:43:58,victoriaalcala@example.org,238,2
2025-02-17 07:43:58,victoriaalcala@example.org,238,11
2025-02-17 07:43:58,victoriaalcala@example.org,238,4
2025-02-28 07:37:40,wendolin62@example.net,238,11
2025-02-28 07:37:40,wendolin62@example.net,238,12
2025-02-28 07:37:40,wendolin62@example.net,238,6
2025-05-14 21:51:33,grijalvajaqueline@example.net,238,10
2025-05-14 21:51:33,grijalvajaqueline@example.net,238,2
2025-05-14 21:51:33,grijalvajaqueline@example.net,238,12
2025-04-21 09:23:11,sessa67@example.com,238,3
2025-04-21 09:23:11,sessa67@example.com,238,8
2025-04-21 09:23:11,sessa67@example.com,238,9
2025-02-22 19:27:42,sessa45@example.org,238,9
2025-02-22 19:27:42,sessa45@example.org,238,3
2025-02-22 19:27:42,sessa45@example.org,238,5
2025-01-18 10:24:27,pilarlovato@example.net,238,1
2025-01-18 10:24:27,pilarlovato@example.net,238,13
2025-01-18 10:24:27,pilarlovato@example.net,238,6
2025-04-18 08:04:21,guillermocoronado@example.com,238,10
2025-04-18 08:04:21,guillermocoronado@example.com,238,9
2025-04-18 08:04:21,guillermocoronado@example.com,238,3
2025-01-11 05:35:01,karinapina@example.net,238,2
2025-01-11 05:35:01,karinapina@example.net,238,6
2025-01-11 05:35:01,karinapina@example.net,238,9
2025-02-24 20:50:39,wacuna@example.org,238,12
2025-02-24 20:50:39,wacuna@example.org,238,4
2025-02-24 20:50:39,wacuna@example.org,238,5
2025-03-01 20:49:02,rafael53@example.com,238,4
2025-03-01 20:49:02,rafael53@example.com,238,1
2025-03-01 20:49:02,rafael53@example.com,238,11
2025-04-27 13:46:07,alejandrofigueroa@example.net,710,5
2025-04-27 13:46:07,alejandrofigueroa@example.net,710,3
2025-04-27 13:46:07,alejandrofigueroa@example.net,710,10
2025-05-17 08:43:03,reynaldoromo@example.net,710,4
2025-05-17 08:43:03,reynaldoromo@example.net,710,5
2025-05-17 08:43:03,reynaldoromo@example.net,710,1
2025-05-04 09:11:18,salasmarisol@example.net,710,2
2025-05-04 09:11:18,salasmarisol@example.net,710,12
2025-05-04 09:11:18,salasmarisol@example.net,710,5
2025-04-29 14:25:17,micaelayanez@example.net,710,12
2025-04-29 14:25:17,micaelayanez@example.net,710,3
2025-04-29 14:25:17,micaelayanez@example.net,710,10
2025-01-31 10:11:19,minervacardona@example.net,710,8
2025-01-31 10:11:19,minervacardona@example.net,710,13
2025-01-31 10:11:19,minervacardona@example.net,710,11
2025-01-31 22:22:55,ramon62@example.org,710,3
2025-01-31 22:22:55,ramon62@example.org,710,1
2025-01-31 22:22:55,ramon62@example.org,710,12
2025-01-06 19:15:02,yrojas@example.net,710,3
2025-01-06 19:15:02,yrojas@example.net,710,11
2025-01-06 19:15:02,yrojas@example.net,710,1
2025-01-24 03:23:07,zeferinoangulo@example.net,710,11
2025-01-24 03:23:07,zeferinoangulo@example.net,710,9
2025-01-24 03:23:07,zeferinoangulo@example.net,710,12
2025-03-27 10:58:51,vtello@example.org,710,11
2025-03-27 10:58:51,vtello@example.org,710,5
2025-03-27 10:58:51,vtello@example.org,710,9
2025-03-18 17:55:42,zaratezoe@example.org,710,2
2025-03-18 17:55:42,zaratezoe@example.org,710,3
2025-03-18 17:55:42,zaratezoe@example.org,710,12
2025-05-09 09:45:14,victoriaalcala@example.org,710,4
2025-05-09 09:45:14,victoriaalcala@example.org,710,7
2025-05-09 09:45:14,victoriaalcala@example.org,710,12
2025-01-17 19:49:48,wendolin62@example.net,710,12
2025-01-17 19:49:48,wendolin62@example.net,710,13
2025-01-17 19:49:48,wendolin62@example.net,710,9
2025-02-09 17:01:20,grijalvajaqueline@example.net,710,11
2025-02-09 17:01:20,grijalvajaqueline@example.net,710,13
2025-02-09 17:01:20,grijalvajaqueline@example.net,710,7
2025-01-21 00:06:24,sessa67@example.com,710,3
2025-01-21 00:06:24,sessa67@example.com,710,1
2025-01-21 00:06:24,sessa67@example.com,710,5
2025-04-11 20:22:43,sessa45@example.org,710,8
2025-04-11 20:22:43,sessa45@example.org,710,1
2025-04-11 20:22:43,sessa45@example.org,710,9
2025-03-13 08:20:28,pilarlovato@example.net,710,3
2025-03-13 08:20:28,pilarlovato@example.net,710,8
2025-03-13 08:20:28,pilarlovato@example.net,710,11
2025-01-05 08:08:33,guillermocoronado@example.com,710,1
2025-01-05 08:08:33,guillermocoronado@example.com,710,5
2025-01-05 08:08:33,guillermocoronado@example.com,710,10
2025-01-13 02:26:54,karinapina@example.net,710,7
2025-01-13 02:26:54,karinapina@example.net,710,11
2025-01-13 02:26:54,karinapina@example.net,710,6
2025-05-05 00:46:10,wacuna@example.org,710,3
2025-05-05 00:46:10,wacuna@example.org,710,12
2025-05-05 00:46:10,wacuna@example.org,710,9
2025-05-12 00:56:37,rafael53@example.com,710,4
2025-05-12 00:56:37,rafael53@example.com,710,8
2025-05-12 00:56:37,rafael53@example.com,710,10
2025-01-16 12:53:34,alejandrofigueroa@example.net,2173,6
2025-01-16 12:53:34,alejandrofigueroa@example.net,2173,5
2025-01-16 12:53:34,alejandrofigueroa@example.net,2173,10
2025-03-05 12:52:07,reynaldoromo@example.net,2173,12
2025-03-05 12:52:07,reynaldoromo@example.net,2173,8
2025-03-05 12:52:07,reynaldoromo@example.net,2173,13
2025-05-17 15:34:44,salasmarisol@example.net,2173,9
2025-05-17 15:34:44,salasmarisol@example.net,2173,6
2025-05-17 15:34:44,salasmarisol@example.net,2173,7
2025-01-16 05:09:08,micaelayanez@example.net,2173,2
2025-01-16 05:09:08,micaelayanez@example.net,2173,12
2025-01-16 05:09:08,micaelayanez@example.net,2173,9
2025-05-15 13:40:01,minervacardona@example.net,2173,6
2025-05-15 13:40:01,minervacardona@example.net,2173,3
2025-05-15 13:40:01,minervacardona@example.net,2173,5
2025-05-26 22:30:42,ramon62@example.org,2173,10
2025-05-26 22:30:42,ramon62@example.org,2173,5
2025-05-26 22:30:42,ramon62@example.org,2173,8
2025-02-02 00:04:43,yrojas@example.net,2173,2
2025-02-02 00:04:43,yrojas@example.net,2173,10
2025-02-02 00:04:43,yrojas@example.net,2173,11
2025-04-25 07:45:11,zeferinoangulo@example.net,2173,7
2025-04-25 07:45:11,zeferinoangulo@example.net,2173,8
2025-04-25 07:45:11,zeferinoangulo@example.net,2173,12
2025-04-06 00:15:41,vtello@example.org,2173,4
2025-04-06 00:15:41,vtello@example.org,2173,3
2025-04-06 00:15:41,vtello@example.org,2173,9
2025-05-03 04:42:27,zaratezoe@example.org,2173,12
2025-05-03 04:42:27,zaratezoe@example.org,2173,5
2025-05-03 04:42:27,zaratezoe@example.org,2173,8
2025-05-22 20:58:25,victoriaalcala@example.org,2173,2
2025-05-22 20:58:25,victoriaalcala@example.org,2173,1
2025-05-22 20:58:25,victoriaalcala@example.org,2173,3
2025-03-18 07:28:29,wendolin62@example.net,2173,2
2025-03-18 07:28:29,wendolin62@example.net,2173,10
2025-03-18 07:28:29,wendolin62@example.net,2173,1
2025-01-13 19:44:41,grijalvajaqueline@example.net,2173,8
2025-01-13 19:44:41,grijalvajaqueline@example.net,2173,9
2025-01-13 19:44:41,grijalvajaqueline@example.net,2173,11
2025-05-07 19:01:56,sessa67@example.com,2173,6
2025-05-07 19:01:56,sessa67@example.com,2173,11
2025-05-07 19:01:56,sessa67@example.com,2173,2
2025-03-23 02:19:20,sessa45@example.org,2173,6
2025-03-23 02:19:20,sessa45@example.org,2173,2
2025-03-23 02:19:20,sessa45@example.org,2173,7
2025-01-29 21:48:03,pilarlovato@example.net,2173,8
2025-01-29 21:48:03,pilarlovato@example.net,2173,1
2025-01-29 21:48:03,pilarlovato@example.net,2173,4
2025-02-23 18:53:44,guillermocoronado@example.com,2173,1
2025-02-23 18:53:44,guillermocoronado@example.com,2173,9
2025-02-23 18:53:44,guillermocoronado@example.com,2173,7
2025-05-25 08:16:12,karinapina@example.net,2173,8
2025-05-25 08:16:12,karinapina@example.net,2173,13
2025-05-25 08:16:12,karinapina@example.net,2173,4
2025-03-09 02:25:57,wacuna@example.org,2173,5
2025-03-09 02:25:57,wacuna@example.org,2173,12
2025-03-09 02:25:57,wacuna@example.org,2173,13
2025-04-26 20:43:03,rafael53@example.com,2173,12
2025-04-26 20:43:03,rafael53@example.com,2173,4
2025-04-26 20:43:03,rafael53@example.com,2173,10
2025-03-26 05:15:30,alejandrofigueroa@example.net,1114,1
2025-03-26 05:15:30,alejandrofigueroa@example.net,1114,3
2025-03-26 05:15:30,alejandrofigueroa@example.net,1114,9
2025-02-28 06:43:34,reynaldoromo@example.net,1114,8
2025-02-28 06:43:34,reynaldoromo@example.net,1114,5
2025-02-28 06:43:34,reynaldoromo@example.net,1114,6
2025-02-26 21:12:35,salasmarisol@example.net,1114,11
2025-02-26 21:12:35,salasmarisol@example.net,1114,5
2025-02-26 21:12:35,salasmarisol@example.net,1114,4
2025-03-31 21:43:48,micaelayanez@example.net,1114,5
2025-03-31 21:43:48,micaelayanez@example.net,1114,6
2025-03-31 21:43:48,micaelayanez@example.net,1114,12
2025-01-06 16:19:44,minervacardona@example.net,1114,11
2025-01-06 16:19:44,minervacardona@example.net,1114,4
2025-01-06 16:19:44,minervacardona@example.net,1114,8
2025-01-24 04:15:08,ramon62@example.org,1114,11
2025-01-24 04:15:08,ramon62@example.org,1114,9
2025-01-24 04:15:08,ramon62@example.org,1114,3
2025-04-15 13:38:20,yrojas@example.net,1114,8
2025-04-15 13:38:20,yrojas@example.net,1114,2
2025-04-15 13:38:20,yrojas@example.net,1114,4
2025-01-02 07:03:52,zeferinoangulo@example.net,1114,12
2025-01-02 07:03:52,zeferinoangulo@example.net,1114,8
2025-01-02 07:03:52,zeferinoangulo@example.net,1114,5
2025-05-20 11:25:39,vtello@example.org,1114,10
2025-05-20 11:25:39,vtello@example.org,1114,6
2025-05-20 11:25:39,vtello@example.org,1114,3
2025-02-23 00:50:09,zaratezoe@example.org,1114,8
2025-02-23 00:50:09,zaratezoe@example.org,1114,5
2025-02-23 00:50:09,zaratezoe@example.org,1114,6
2025-05-16 08:35:50,victoriaalcala@example.org,1114,9
2025-05-16 08:35:50,victoriaalcala@example.org,1114,2
2025-05-16 08:35:50,victoriaalcala@example.org,1114,8
2025-04-28 08:52:13,wendolin62@example.net,1114,4
2025-04-28 08:52:13,wendolin62@example.net,1114,11
2025-04-28 08:52:13,wendolin62@example.net,1114,2
2025-03-23 21:36:39,grijalvajaqueline@example.net,1114,4
2025-03-23 21:36:39,grijalvajaqueline@example.net,1114,9
2025-03-23 21:36:39,grijalvajaqueline@example.net,1114,3
2025-05-13 08:16:20,sessa67@example.com,1114,1
2025-05-13 08:16:20,sessa67@example.com,1114,12
2025-05-13 08:16:20,sessa67@example.com,1114,6
2025-03-21 06:09:13,sessa45@example.org,1114,4
2025-03-21 06:09:13,sessa45@example.org,1114,2
2025-03-21 06:09:13,sessa45@example.org,1114,8
2025-04-27 18:56:48,pilarlovato@example.net,1114,4
2025-04-27 18:56:48,pilarlovato@example.net,1114,10
2025-04-27 18:56:48,pilarlovato@example.net,1114,13
2025-02-15 01:11:04,guillermocoronado@example.com,1114,11
2025-02-15 01:11:04,guillermocoronado@example.com,1114,1
2025-02-15 01:11:04,guillermocoronado@example.com,1114,3
2025-02-21 07:29:17,karinapina@example.net,1114,7
2025-02-21 07:29:17,karinapina@example.net,1114,9
2025-02-21 07:29:17,karinapina@example.net,1114,2
2025-03-06 21:59:12,wacuna@example.org,1114,1
2025-03-06 21:59:12,wacuna@example.org,1114,13
2025-03-06 21:59:12,wacuna@example.org,1114,8
2025-05-15 16:34:05,rafael53@example.com,1114,5
2025-05-15 16:34:05,rafael53@example.com,1114,10
2025-05-15 16:34:05,rafael53@example.com,1114,11
2025-03-26 10:02:53,alejandrofigueroa@example.net,1092,8
2025-03-26 10:02:53,alejandrofigueroa@example.net,1092,4
2025-03-26 10:02:53,alejandrofigueroa@example.net,1092,7
2025-03-04 00:42:28,reynaldoromo@example.net,1092,11
2025-03-04 00:42:28,reynaldoromo@example.net,1092,8
2025-03-04 00:42:28,reynaldoromo@example.net,1092,2
2025-01-26 01:13:12,salasmarisol@example.net,1092,2
2025-01-26 01:13:12,salasmarisol@example.net,1092,7
2025-01-26 01:13:12,salasmarisol@example.net,1092,6
2025-05-19 11:57:12,micaelayanez@example.net,1092,2
2025-05-19 11:57:12,micaelayanez@example.net,1092,6
2025-05-19 11:57:12,micaelayanez@example.net,1092,9
2025-03-17 09:27:24,minervacardona@example.net,1092,12
2025-03-17 09:27:24,minervacardona@example.net,1092,5
2025-03-17 09:27:24,minervacardona@example.net,1092,6
2025-05-19 20:36:26,ramon62@example.org,1092,9
2025-05-19 20:36:26,ramon62@example.org,1092,4
2025-05-19 20:36:26,ramon62@example.org,1092,7
2025-05-16 16:11:22,yrojas@example.net,1092,13
2025-05-16 16:11:22,yrojas@example.net,1092,10
2025-05-16 16:11:22,yrojas@example.net,1092,1
2025-04-06 12:40:20,zeferinoangulo@example.net,1092,7
2025-04-06 12:40:20,zeferinoangulo@example.net,1092,2
2025-04-06 12:40:20,zeferinoangulo@example.net,1092,5
2025-03-27 11:45:35,vtello@example.org,1092,4
2025-03-27 11:45:35,vtello@example.org,1092,3
2025-03-27 11:45:35,vtello@example.org,1092,5
2025-04-13 23:32:36,zaratezoe@example.org,1092,9
2025-04-13 23:32:36,zaratezoe@example.org,1092,11
2025-04-13 23:32:36,zaratezoe@example.org,1092,6
2025-04-10 19:05:23,victoriaalcala@example.org,1092,11
2025-04-10 19:05:23,victoriaalcala@example.org,1092,7
2025-04-10 19:05:23,victoriaalcala@example.org,1092,5
2025-03-19 03:00:22,wendolin62@example.net,1092,7
2025-03-19 03:00:22,wendolin62@example.net,1092,10
2025-03-19 03:00:22,wendolin62@example.net,1092,13
2025-02-15 01:58:22,grijalvajaqueline@example.net,1092,11
2025-02-15 01:58:22,grijalvajaqueline@example.net,1092,2
2025-02-15 01:58:22,grijalvajaqueline@example.net,1092,9
2025-03-12 00:40:59,sessa67@example.com,1092,3
2025-03-12 00:40:59,sessa67@example.com,1092,10
2025-03-12 00:40:59,sessa67@example.com,1092,13
2025-04-15 11:02:02,sessa45@example.org,1092,8
2025-04-15 11:02:02,sessa45@example.org,1092,13
2025-04-15 11:02:02,sessa45@example.org,1092,11
2025-03-05 13:59:16,pilarlovato@example.net,1092,6
2025-03-05 13:59:16,pilarlovato@example.net,1092,5
2025-03-05 13:59:16,pilarlovato@example.net,1092,2
2025-05-23 23:34:04,guillermocoronado@example.com,1092,3
2025-05-23 23:34:04,guillermocoronado@example.com,1092,1
2025-05-23 23:34:04,guillermocoronado@example.com,1092,8
2025-03-29 03:54:17,karinapina@example.net,1092,6
2025-03-29 03:54:17,karinapina@example.net,1092,5
2025-03-29 03:54:17,karinapina@example.net,1092,7
2025-03-09 00:14:05,wacuna@example.org,1092,12
2025-03-09 00:14:05,wacuna@example.org,1092,11
2025-03-09 00:14:05,wacuna@example.org,1092,10
2025-04-01 08:36:45,rafael53@example.com,1092,9
2025-04-01 08:36:45,rafael53@example.com,1092,7
2025-04-01 08:36:45,rafael53@example.com,1092,11
2025-02-20 16:59:14,alejandrofigueroa@example.net,1550,4
2025-02-20 16:59:14,alejandrofigueroa@example.net,1550,6
2025-02-20 16:59:14,alejandrofigueroa@example.net,1550,8
2025-04-26 17:13:51,reynaldoromo@example.net,1550,3
2025-04-26 17:13:51,reynaldoromo@example.net,1550,10
2025-04-26 17:13:51,reynaldoromo@example.net,1550,7
2025-04-02 04:16:38,salasmarisol@example.net,1550,10
2025-04-02 04:16:38,salasmarisol@example.net,1550,5
2025-04-02 04:16:38,salasmarisol@example.net,1550,8
2025-01-22 17:31:55,micaelayanez@example.net,1550,9
2025-01-22 17:31:55,micaelayanez@example.net,1550,7
2025-01-22 17:31:55,micaelayanez@example.net,1550,3
2025-04-25 17:11:25,minervacardona@example.net,1550,5
2025-04-25 17:11:25,minervacardona@example.net,1550,8
2025-04-25 17:11:25,minervacardona@example.net,1550,9
2025-04-25 11:04:32,ramon62@example.org,1550,6
2025-04-25 11:04:32,ramon62@example.org,1550,4
2025-04-25 11:04:32,ramon62@example.org,1550,7
2025-01-04 19:48:54,yrojas@example.net,1550,8
2025-01-04 19:48:54,yrojas@example.net,1550,12
2025-01-04 19:48:54,yrojas@example.net,1550,3
2025-03-28 14:33:20,zeferinoangulo@example.net,1550,13
2025-03-28 14:33:20,zeferinoangulo@example.net,1550,5
2025-03-28 14:33:20,zeferinoangulo@example.net,1550,4
2025-02-23 01:22:52,vtello@example.org,1550,9
2025-02-23 01:22:52,vtello@example.org,1550,1
2025-02-23 01:22:52,vtello@example.org,1550,11
2025-02-22 21:06:26,zaratezoe@example.org,1550,11
2025-02-22 21:06:26,zaratezoe@example.org,1550,2
2025-02-22 21:06:26,zaratezoe@example.org,1550,9
2025-02-28 12:46:48,victoriaalcala@example.org,1550,12
2025-02-28 12:46:48,victoriaalcala@example.org,1550,1
2025-02-28 12:46:48,victoriaalcala@example.org,1550,6
2025-01-09 15:51:10,wendolin62@example.net,1550,8
2025-01-09 15:51:10,wendolin62@example.net,1550,12
2025-01-09 15:51:10,wendolin62@example.net,1550,13
2025-05-20 07:06:53,grijalvajaqueline@example.net,1550,6
2025-05-20 07:06:53,grijalvajaqueline@example.net,1550,5
2025-05-20 07:06:53,grijalvajaqueline@example.net,1550,9
2025-04-19 18:04:13,sessa67@example.com,1550,13
2025-04-19 18:04:13,sessa67@example.com,1550,6
2025-04-19 18:04:13,sessa67@example.com,1550,7
2025-05-07 15:09:55,sessa45@example.org,1550,7
2025-05-07 15:09:55,sessa45@example.org,1550,2
2025-05-07 15:09:55,sessa45@example.org,1550,13
2025-01-14 22:58:43,pilarlovato@example.net,1550,8
2025-01-14 22:58:43,pilarlovato@example.net,1550,10
2025-01-14 22:58:43,pilarlovato@example.net,1550,7
2025-03-30 23:22:41,guillermocoronado@example.com,1550,11
2025-03-30 23:22:41,guillermocoronado@example.com,1550,7
2025-03-30 23:22:41,guillermocoronado@example.com,1550,6
2025-04-13 19:10:05,karinapina@example.net,1550,7
2025-04-13 19:10:05,karinapina@example.net,1550,10
2025-04-13 19:10:05,karinapina@example.net,1550,1
2025-05-23 11:52:30,wacuna@example.org,1550,6
2025-05-23 11:52:30,wacuna@example.org,1550,11
2025-05-23 11:52:30,wacuna@example.org,1550,5
2025-02-03 10:08:20,rafael53@example.com,1550,8
2025-02-03 10:08:20,rafael53@example.com,1550,4
2025-02-03 10:08:20,rafael53@example.com,1550,10
2025-01-19 06:55:27,alejandrofigueroa@example.net,768,6
2025-01-19 06:55:27,alejandrofigueroa@example.net,768,11
2025-01-19 06:55:27,alejandrofigueroa@example.net,768,13
2025-03-18 23:26:25,reynaldoromo@example.net,768,4
2025-03-18 23:26:25,reynaldoromo@example.net,768,8
2025-03-18 23:26:25,reynaldoromo@example.net,768,1
2025-02-09 21:34:21,salasmarisol@example.net,768,7
2025-02-09 21:34:21,salasmarisol@example.net,768,13
2025-02-09 21:34:21,salasmarisol@example.net,768,10
2025-03-13 03:40:12,micaelayanez@example.net,768,7
2025-03-13 03:40:12,micaelayanez@example.net,768,9
2025-03-13 03:40:12,micaelayanez@example.net,768,1
2025-02-11 06:20:41,minervacardona@example.net,768,4
2025-02-11 06:20:41,minervacardona@example.net,768,11
2025-02-11 06:20:41,minervacardona@example.net,768,9
2025-05-09 01:41:57,ramon62@example.org,768,2
2025-05-09 01:41:57,ramon62@example.org,768,1
2025-05-09 01:41:57,ramon62@example.org,768,11
2025-03-09 05:05:44,yrojas@example.net,768,13
2025-03-09 05:05:44,yrojas@example.net,768,11
2025-03-09 05:05:44,yrojas@example.net,768,7
2025-02-26 14:30:43,zeferinoangulo@example.net,768,10
2025-02-26 14:30:43,zeferinoangulo@example.net,768,3
2025-02-26 14:30:43,zeferinoangulo@example.net,768,6
2025-01-22 16:47:01,vtello@example.org,768,8
2025-01-22 16:47:01,vtello@example.org,768,4
2025-01-22 16:47:01,vtello@example.org,768,3
2025-05-17 00:02:44,zaratezoe@example.org,768,13
2025-05-17 00:02:44,zaratezoe@example.org,768,3
2025-05-17 00:02:44,zaratezoe@example.org,768,8
2025-01-28 05:09:33,victoriaalcala@example.org,768,10
2025-01-28 05:09:33,victoriaalcala@example.org,768,6
2025-01-28 05:09:33,victoriaalcala@example.org,768,1
2025-02-19 19:49:11,wendolin62@example.net,768,12
2025-02-19 19:49:11,wendolin62@example.net,768,6
2025-02-19 19:49:11,wendolin62@example.net,768,7
2025-02-05 02:48:21,grijalvajaqueline@example.net,768,8
2025-02-05 02:48:21,grijalvajaqueline@example.net,768,9
2025-02-05 02:48:21,grijalvajaqueline@example.net,768,5
2025-01-24 20:24:23,sessa67@example.com,768,10
2025-01-24 20:24:23,sessa67@example.com,768,9
2025-01-24 20:24:23,sessa67@example.com,768,7
2025-04-28 08:39:47,sessa45@example.org,768,9
2025-04-28 08:39:47,sessa45@example.org,768,3
2025-04-28 08:39:47,sessa45@example.org,768,6
2025-01-18 19:25:36,pilarlovato@example.net,768,6
2025-01-18 19:25:36,pilarlovato@example.net,768,11
2025-01-18 19:25:36,pilarlovato@example.net,768,2
2025-04-01 14:31:30,guillermocoronado@example.com,768,11
2025-04-01 14:31:30,guillermocoronado@example.com,768,12
2025-04-01 14:31:30,guillermocoronado@example.com,768,10
2025-02-05 03:23:46,karinapina@example.net,768,3
2025-02-05 03:23:46,karinapina@example.net,768,7
2025-02-05 03:23:46,karinapina@example.net,768,4
2025-05-08 04:39:24,wacuna@example.org,768,8
2025-05-08 04:39:24,wacuna@example.org,768,9
2025-05-08 04:39:24,wacuna@example.org,768,6
2025-01-25 20:21:25,rafael53@example.com,768,13
2025-01-25 20:21:25,rafael53@example.com,768,5
2025-01-25 20:21:25,rafael53@example.com,768,4
2025-01-12 09:01:34,alejandrofigueroa@example.net,1519,5
2025-01-12 09:01:34,alejandrofigueroa@example.net,1519,1
2025-01-12 09:01:34,alejandrofigueroa@example.net,1519,13
2025-04-20 07:32:38,reynaldoromo@example.net,1519,10
2025-04-20 07:32:38,reynaldoromo@example.net,1519,12
2025-04-20 07:32:38,reynaldoromo@example.net,1519,13
2025-03-02 12:49:33,salasmarisol@example.net,1519,8
2025-03-02 12:49:33,salasmarisol@example.net,1519,2
2025-03-02 12:49:33,salasmarisol@example.net,1519,11
2025-02-27 13:26:48,micaelayanez@example.net,1519,5
2025-02-27 13:26:48,micaelayanez@example.net,1519,11
2025-02-27 13:26:48,micaelayanez@example.net,1519,1
2025-04-08 11:29:49,minervacardona@example.net,1519,3
2025-04-08 11:29:49,minervacardona@example.net,1519,12
2025-04-08 11:29:49,minervacardona@example.net,1519,5
2025-05-09 05:26:07,ramon62@example.org,1519,8
2025-05-09 05:26:07,ramon62@example.org,1519,5
2025-05-09 05:26:07,ramon62@example.org,1519,4
2025-01-24 08:35:14,yrojas@example.net,1519,10
2025-01-24 08:35:14,yrojas@example.net,1519,11
2025-01-24 08:35:14,yrojas@example.net,1519,7
2025-03-18 11:41:23,zeferinoangulo@example.net,1519,5
2025-03-18 11:41:23,zeferinoangulo@example.net,1519,7
2025-03-18 11:41:23,zeferinoangulo@example.net,1519,4
2025-05-10 13:49:50,vtello@example.org,1519,5
2025-05-10 13:49:50,vtello@example.org,1519,3
2025-05-10 13:49:50,vtello@example.org,1519,7
2025-05-22 09:20:51,zaratezoe@example.org,1519,12
2025-05-22 09:20:51,zaratezoe@example.org,1519,10
2025-05-22 09:20:51,zaratezoe@example.org,1519,6
2025-02-15 18:09:26,victoriaalcala@example.org,1519,2
2025-02-15 18:09:26,victoriaalcala@example.org,1519,1
2025-02-15 18:09:26,victoriaalcala@example.org,1519,9
2025-01-15 23:41:28,wendolin62@example.net,1519,10
2025-01-15 23:41:28,wendolin62@example.net,1519,8
2025-01-15 23:41:28,wendolin62@example.net,1519,2
2025-04-03 13:56:33,grijalvajaqueline@example.net,1519,1
2025-04-03 13:56:33,grijalvajaqueline@example.net,1519,7
2025-04-03 13:56:33,grijalvajaqueline@example.net,1519,5
2025-05-13 18:27:45,sessa67@example.com,1519,1
2025-05-13 18:27:45,sessa67@example.com,1519,5
2025-05-13 18:27:45,sessa67@example.com,1519,7
2025-04-07 01:00:09,sessa45@example.org,1519,11
2025-04-07 01:00:09,sessa45@example.org,1519,9
2025-04-07 01:00:09,sessa45@example.org,1519,3
2025-01-17 21:32:38,pilarlovato@example.net,1519,11
2025-01-17 21:32:38,pilarlovato@example.net,1519,12
2025-01-17 21:32:38,pilarlovato@example.net,1519,9
2025-04-15 14:03:49,guillermocoronado@example.com,1519,13
2025-04-15 14:03:49,guillermocoronado@example.com,1519,11
2025-04-15 14:03:49,guillermocoronado@example.com,1519,7
2025-05-03 09:26:43,karinapina@example.net,1519,12
2025-05-03 09:26:43,karinapina@example.net,1519,1
2025-05-03 09:26:43,karinapina@example.net,1519,7
2025-05-09 23:16:34,wacuna@example.org,1519,10
2025-05-09 23:16:34,wacuna@example.org,1519,11
2025-05-09 23:16:34,wacuna@example.org,1519,6
2025-03-07 10:11:06,rafael53@example.com,1519,11
2025-03-07 10:11:06,rafael53@example.com,1519,7
2025-03-07 10:11:06,rafael53@example.com,1519,9
2025-05-27 09:01:42,alejandrofigueroa@example.net,403,3
2025-05-27 09:01:42,alejandrofigueroa@example.net,403,9
2025-05-27 09:01:42,alejandrofigueroa@example.net,403,8
2025-03-20 16:08:33,reynaldoromo@example.net,403,4
2025-03-20 16:08:33,reynaldoromo@example.net,403,5
2025-03-20 16:08:33,reynaldoromo@example.net,403,13
2025-05-06 13:58:08,salasmarisol@example.net,403,4
2025-05-06 13:58:08,salasmarisol@example.net,403,10
2025-05-06 13:58:08,salasmarisol@example.net,403,11
2025-04-12 16:48:59,micaelayanez@example.net,403,2
2025-04-12 16:48:59,micaelayanez@example.net,403,12
2025-04-12 16:48:59,micaelayanez@example.net,403,8
2025-05-18 06:31:07,minervacardona@example.net,403,5
2025-05-18 06:31:07,minervacardona@example.net,403,6
2025-05-18 06:31:07,minervacardona@example.net,403,9
2025-05-05 11:45:19,ramon62@example.org,403,4
2025-05-05 11:45:19,ramon62@example.org,403,12
2025-05-05 11:45:19,ramon62@example.org,403,3
2025-01-02 12:32:36,yrojas@example.net,403,10
2025-01-02 12:32:36,yrojas@example.net,403,4
2025-01-02 12:32:36,yrojas@example.net,403,8
2025-04-19 20:54:13,zeferinoangulo@example.net,403,9
2025-04-19 20:54:13,zeferinoangulo@example.net,403,8
2025-04-19 20:54:13,zeferinoangulo@example.net,403,3
2025-04-24 03:30:23,vtello@example.org,403,12
2025-04-24 03:30:23,vtello@example.org,403,3
2025-04-24 03:30:23,vtello@example.org,403,1
2025-04-05 10:32:17,zaratezoe@example.org,403,9
2025-04-05 10:32:17,zaratezoe@example.org,403,12
2025-04-05 10:32:17,zaratezoe@example.org,403,5
2025-05-14 09:50:55,victoriaalcala@example.org,403,10
2025-05-14 09:50:55,victoriaalcala@example.org,403,9
2025-05-14 09:50:55,victoriaalcala@example.org,403,5
2025-01-09 18:34:39,wendolin62@example.net,403,2
2025-01-09 18:34:39,wendolin62@example.net,403,11
2025-01-09 18:34:39,wendolin62@example.net,403,12
2025-05-04 13:09:25,grijalvajaqueline@example.net,403,8
2025-05-04 13:09:25,grijalvajaqueline@example.net,403,7
2025-05-04 13:09:25,grijalvajaqueline@example.net,403,11
2025-01-30 03:04:41,sessa67@example.com,403,5
2025-01-30 03:04:41,sessa67@example.com,403,9
2025-01-30 03:04:41,sessa67@example.com,403,10
2025-02-16 20:30:10,sessa45@example.org,403,10
2025-02-16 20:30:10,sessa45@example.org,403,4
2025-02-16 20:30:10,sessa45@example.org,403,13
2025-05-17 14:28:49,pilarlovato@example.net,403,2
2025-05-17 14:28:49,pilarlovato@example.net,403,6
2025-05-17 14:28:49,pilarlovato@example.net,403,10
2025-05-05 11:58:11,guillermocoronado@example.com,403,3
2025-05-05 11:58:11,guillermocoronado@example.com,403,11
2025-05-05 11:58:11,guillermocoronado@example.com,403,10
2025-05-15 01:00:21,karinapina@example.net,403,12
2025-05-15 01:00:21,karinapina@example.net,403,11
2025-05-15 01:00:21,karinapina@example.net,403,3
2025-02-24 16:20:19,wacuna@example.org,403,3
2025-02-24 16:20:19,wacuna@example.org,403,2
2025-02-24 16:20:19,wacuna@example.org,403,13
2025-05-19 17:26:10,rafael53@example.com,403,10
2025-05-19 17:26:10,rafael53@example.com,403,6
2025-05-19 17:26:10,rafael53@example.com,403,7
2025-02-06 22:31:12,alejandrofigueroa@example.net,503,5
2025-02-06 22:31:12,alejandrofigueroa@example.net,503,13
2025-02-06 22:31:12,alejandrofigueroa@example.net,503,8
2025-05-08 17:03:32,reynaldoromo@example.net,503,5
2025-05-08 17:03:32,reynaldoromo@example.net,503,4
2025-05-08 17:03:32,reynaldoromo@example.net,503,11
2025-05-02 08:59:24,salasmarisol@example.net,503,7
2025-05-02 08:59:24,salasmarisol@example.net,503,6
2025-05-02 08:59:24,salasmarisol@example.net,503,8
2025-05-16 02:12:14,micaelayanez@example.net,503,6
2025-05-16 02:12:14,micaelayanez@example.net,503,5
2025-05-16 02:12:14,micaelayanez@example.net,503,11
2025-05-07 09:18:27,minervacardona@example.net,503,13
2025-05-07 09:18:27,minervacardona@example.net,503,9
2025-05-07 09:18:27,minervacardona@example.net,503,1
2025-03-14 14:11:13,ramon62@example.org,503,11
2025-03-14 14:11:13,ramon62@example.org,503,3
2025-03-14 14:11:13,ramon62@example.org,503,7
2025-04-13 19:45:00,yrojas@example.net,503,13
2025-04-13 19:45:00,yrojas@example.net,503,4
2025-04-13 19:45:00,yrojas@example.net,503,11
2025-05-19 00:42:36,zeferinoangulo@example.net,503,5
2025-05-19 00:42:36,zeferinoangulo@example.net,503,4
2025-05-19 00:42:36,zeferinoangulo@example.net,503,9
2025-01-14 08:42:28,vtello@example.org,503,8
2025-01-14 08:42:28,vtello@example.org,503,2
2025-01-14 08:42:28,vtello@example.org,503,5
2025-05-07 03:27:04,zaratezoe@example.org,503,8
2025-05-07 03:27:04,zaratezoe@example.org,503,6
2025-05-07 03:27:04,zaratezoe@example.org,503,13
2025-01-19 14:30:47,victoriaalcala@example.org,503,2
2025-01-19 14:30:47,victoriaalcala@example.org,503,11
2025-01-19 14:30:47,victoriaalcala@example.org,503,3
2025-01-15 06:28:20,wendolin62@example.net,503,11
2025-01-15 06:28:20,wendolin62@example.net,503,13
2025-01-15 06:28:20,wendolin62@example.net,503,7
2025-04-19 12:58:42,grijalvajaqueline@example.net,503,5
2025-04-19 12:58:42,grijalvajaqueline@example.net,503,12
2025-04-19 12:58:42,grijalvajaqueline@example.net,503,2
2025-03-19 07:05:36,sessa67@example.com,503,11
2025-03-19 07:05:36,sessa67@example.com,503,8
2025-03-19 07:05:36,sessa67@example.com,503,9
2025-01-21 19:47:53,sessa45@example.org,503,10
2025-01-21 19:47:53,sessa45@example.org,503,2
2025-01-21 19:47:53,sessa45@example.org,503,11
2025-03-09 14:39:57,pilarlovato@example.net,503,10
2025-03-09 14:39:57,pilarlovato@example.net,503,3
2025-03-09 14:39:57,pilarlovato@example.net,503,13
2025-04-27 18:33:27,guillermocoronado@example.com,503,8
2025-04-27 18:33:27,guillermocoronado@example.com,503,10
2025-04-27 18:33:27,guillermocoronado@example.com,503,1
2025-01-06 23:42:34,karinapina@example.net,503,12
2025-01-06 23:42:34,karinapina@example.net,503,8
2025-01-06 23:42:34,karinapina@example.net,503,13
2025-05-26 02:50:15,wacuna@example.org,503,5
2025-05-26 02:50:15,wacuna@example.org,503,3
2025-05-26 02:50:15,wacuna@example.org,503,8
2025-04-25 09:54:37,rafael53@example.com,503,4
2025-04-25 09:54:37,rafael53@example.com,503,7
2025-04-25 09:54:37,rafael53@example.com,503,2
2025-03-16 04:19:09,alejandrofigueroa@example.net,375,13
2025-03-16 04:19:09,alejandrofigueroa@example.net,375,12
2025-03-16 04:19:09,alejandrofigueroa@example.net,375,10
2025-02-21 01:36:19,reynaldoromo@example.net,375,9
2025-02-21 01:36:19,reynaldoromo@example.net,375,3
2025-02-21 01:36:19,reynaldoromo@example.net,375,6
2025-04-17 19:11:17,salasmarisol@example.net,375,3
2025-04-17 19:11:17,salasmarisol@example.net,375,4
2025-04-17 19:11:17,salasmarisol@example.net,375,13
2025-03-30 22:02:17,micaelayanez@example.net,375,11
2025-03-30 22:02:17,micaelayanez@example.net,375,2
2025-03-30 22:02:17,micaelayanez@example.net,375,7
2025-03-29 02:07:54,minervacardona@example.net,375,13
2025-03-29 02:07:54,minervacardona@example.net,375,9
2025-03-29 02:07:54,minervacardona@example.net,375,7
2025-01-10 11:11:02,ramon62@example.org,375,11
2025-01-10 11:11:02,ramon62@example.org,375,1
2025-01-10 11:11:02,ramon62@example.org,375,12
2025-05-03 22:50:31,yrojas@example.net,375,3
2025-05-03 22:50:31,yrojas@example.net,375,11
2025-05-03 22:50:31,yrojas@example.net,375,5
2025-02-18 03:31:23,zeferinoangulo@example.net,375,5
2025-02-18 03:31:23,zeferinoangulo@example.net,375,12
2025-02-18 03:31:23,zeferinoangulo@example.net,375,4
2025-02-15 11:38:37,vtello@example.org,375,1
2025-02-15 11:38:37,vtello@example.org,375,12
2025-02-15 11:38:37,vtello@example.org,375,6
2025-05-11 20:57:39,zaratezoe@example.org,375,6
2025-05-11 20:57:39,zaratezoe@example.org,375,5
2025-05-11 20:57:39,zaratezoe@example.org,375,3
2025-01-12 22:47:49,victoriaalcala@example.org,375,12
2025-01-12 22:47:49,victoriaalcala@example.org,375,3
2025-01-12 22:47:49,victoriaalcala@example.org,375,7
2025-03-29 08:20:52,wendolin62@example.net,375,13
2025-03-29 08:20:52,wendolin62@example.net,375,3
2025-03-29 08:20:52,wendolin62@example.net,375,4
2025-05-16 00:20:46,grijalvajaqueline@example.net,375,11
2025-05-16 00:20:46,grijalvajaqueline@example.net,375,1
2025-05-16 00:20:46,grijalvajaqueline@example.net,375,4
2025-01-10 02:13:33,sessa67@example.com,375,10
2025-01-10 02:13:33,sessa67@example.com,375,7
2025-01-10 02:13:33,sessa67@example.com,375,6
2025-02-17 17:50:03,sessa45@example.org,375,13
2025-02-17 17:50:03,sessa45@example.org,375,7
2025-02-17 17:50:03,sessa45@example.org,375,9
2025-04-20 14:03:01,pilarlovato@example.net,375,9
2025-04-20 14:03:01,pilarlovato@example.net,375,4
2025-04-20 14:03:01,pilarlovato@example.net,375,3
2025-02-16 18:22:27,guillermocoronado@example.com,375,7
2025-02-16 18:22:27,guillermocoronado@example.com,375,2
2025-02-16 18:22:27,guillermocoronado@example.com,375,8
2025-02-03 22:37:42,karinapina@example.net,375,9
2025-02-03 22:37:42,karinapina@example.net,375,13
2025-02-03 22:37:42,karinapina@example.net,375,5
2025-01-08 02:18:14,wacuna@example.org,375,12
2025-01-08 02:18:14,wacuna@example.org,375,10
2025-01-08 02:18:14,wacuna@example.org,375,11
2025-03-29 19:25:31,rafael53@example.com,375,13
2025-03-29 19:25:31,rafael53@example.com,375,2
2025-03-29 19:25:31,rafael53@example.com,375,10
2025-03-15 14:55:51,alejandrofigueroa@example.net,1473,7
2025-03-15 14:55:51,alejandrofigueroa@example.net,1473,3
2025-03-15 14:55:51,alejandrofigueroa@example.net,1473,12
2025-03-05 14:00:28,reynaldoromo@example.net,1473,9
2025-03-05 14:00:28,reynaldoromo@example.net,1473,11
2025-03-05 14:00:28,reynaldoromo@example.net,1473,1
2025-04-26 13:07:09,salasmarisol@example.net,1473,2
2025-04-26 13:07:09,salasmarisol@example.net,1473,9
2025-04-26 13:07:09,salasmarisol@example.net,1473,8
2025-03-03 14:10:45,micaelayanez@example.net,1473,9
2025-03-03 14:10:45,micaelayanez@example.net,1473,4
2025-03-03 14:10:45,micaelayanez@example.net,1473,3
2025-03-27 03:40:40,minervacardona@example.net,1473,4
2025-03-27 03:40:40,minervacardona@example.net,1473,9
2025-03-27 03:40:40,minervacardona@example.net,1473,13
2025-01-05 23:19:02,ramon62@example.org,1473,12
2025-01-05 23:19:02,ramon62@example.org,1473,2
2025-01-05 23:19:02,ramon62@example.org,1473,10
2025-04-28 22:33:29,yrojas@example.net,1473,13
2025-04-28 22:33:29,yrojas@example.net,1473,7
2025-04-28 22:33:29,yrojas@example.net,1473,6
2025-04-19 20:02:13,zeferinoangulo@example.net,1473,8
2025-04-19 20:02:13,zeferinoangulo@example.net,1473,13
2025-04-19 20:02:13,zeferinoangulo@example.net,1473,6
2025-02-16 17:03:07,vtello@example.org,1473,2
2025-02-16 17:03:07,vtello@example.org,1473,3
2025-02-16 17:03:07,vtello@example.org,1473,11
2025-01-26 18:50:44,zaratezoe@example.org,1473,1
2025-01-26 18:50:44,zaratezoe@example.org,1473,11
2025-01-26 18:50:44,zaratezoe@example.org,1473,5
2025-05-24 10:35:01,victoriaalcala@example.org,1473,2
2025-05-24 10:35:01,victoriaalcala@example.org,1473,1
2025-05-24 10:35:01,victoriaalcala@example.org,1473,12
2025-03-21 15:56:01,wendolin62@example.net,1473,4
2025-03-21 15:56:01,wendolin62@example.net,1473,11
2025-03-21 15:56:01,wendolin62@example.net,1473,8
2025-03-12 02:04:44,grijalvajaqueline@example.net,1473,7
2025-03-12 02:04:44,grijalvajaqueline@example.net,1473,8
2025-03-12 02:04:44,grijalvajaqueline@example.net,1473,1
2025-01-13 05:37:45,sessa67@example.com,1473,10
2025-01-13 05:37:45,sessa67@example.com,1473,13
2025-01-13 05:37:45,sessa67@example.com,1473,12
2025-03-13 06:02:51,sessa45@example.org,1473,4
2025-03-13 06:02:51,sessa45@example.org,1473,11
2025-03-13 06:02:51,sessa45@example.org,1473,9
2025-03-09 06:50:30,pilarlovato@example.net,1473,3
2025-03-09 06:50:30,pilarlovato@example.net,1473,1
2025-03-09 06:50:30,pilarlovato@example.net,1473,6
2025-01-12 07:01:51,guillermocoronado@example.com,1473,4
2025-01-12 07:01:51,guillermocoronado@example.com,1473,11
2025-01-12 07:01:51,guillermocoronado@example.com,1473,13
2025-01-03 20:09:00,karinapina@example.net,1473,12
2025-01-03 20:09:00,karinapina@example.net,1473,6
2025-01-03 20:09:00,karinapina@example.net,1473,10
2025-01-30 09:07:52,wacuna@example.org,1473,2
2025-01-30 09:07:52,wacuna@example.org,1473,1
2025-01-30 09:07:52,wacuna@example.org,1473,4
2025-01-15 00:20:00,rafael53@example.com,1473,3
2025-01-15 00:20:00,rafael53@example.com,1473,6
2025-01-15 00:20:00,rafael53@example.com,1473,1
2025-04-18 12:23:29,alejandrofigueroa@example.net,2008,2
2025-04-18 12:23:29,alejandrofigueroa@example.net,2008,6
2025-04-18 12:23:29,alejandrofigueroa@example.net,2008,5
2025-01-08 21:54:59,reynaldoromo@example.net,2008,10
2025-01-08 21:54:59,reynaldoromo@example.net,2008,3
2025-01-08 21:54:59,reynaldoromo@example.net,2008,7
2025-03-10 06:03:07,salasmarisol@example.net,2008,10
2025-03-10 06:03:07,salasmarisol@example.net,2008,2
2025-03-10 06:03:07,salasmarisol@example.net,2008,8
2025-05-19 02:48:32,micaelayanez@example.net,2008,5
2025-05-19 02:48:32,micaelayanez@example.net,2008,4
2025-05-19 02:48:32,micaelayanez@example.net,2008,12
2025-04-19 21:44:52,minervacardona@example.net,2008,8
2025-04-19 21:44:52,minervacardona@example.net,2008,7
2025-04-19 21:44:52,minervacardona@example.net,2008,6
2025-04-04 13:41:56,ramon62@example.org,2008,6
2025-04-04 13:41:56,ramon62@example.org,2008,5
2025-04-04 13:41:56,ramon62@example.org,2008,2
2025-04-14 19:12:10,yrojas@example.net,2008,11
2025-04-14 19:12:10,yrojas@example.net,2008,3
2025-04-14 19:12:10,yrojas@example.net,2008,10
2025-03-01 00:54:42,zeferinoangulo@example.net,2008,5
2025-03-01 00:54:42,zeferinoangulo@example.net,2008,13
2025-03-01 00:54:42,zeferinoangulo@example.net,2008,4
2025-01-03 16:45:11,vtello@example.org,2008,5
2025-01-03 16:45:11,vtello@example.org,2008,11
2025-01-03 16:45:11,vtello@example.org,2008,12
2025-01-12 15:57:12,zaratezoe@example.org,2008,5
2025-01-12 15:57:12,zaratezoe@example.org,2008,7
2025-01-12 15:57:12,zaratezoe@example.org,2008,8
2025-04-30 18:46:08,victoriaalcala@example.org,2008,1
2025-04-30 18:46:08,victoriaalcala@example.org,2008,5
2025-04-30 18:46:08,victoriaalcala@example.org,2008,8
2025-03-16 04:21:28,wendolin62@example.net,2008,4
2025-03-16 04:21:28,wendolin62@example.net,2008,9
2025-03-16 04:21:28,wendolin62@example.net,2008,1
2025-04-07 07:10:26,grijalvajaqueline@example.net,2008,10
2025-04-07 07:10:26,grijalvajaqueline@example.net,2008,9
2025-04-07 07:10:26,grijalvajaqueline@example.net,2008,13
2025-05-23 01:08:39,sessa67@example.com,2008,7
2025-05-23 01:08:39,sessa67@example.com,2008,2
2025-05-23 01:08:39,sessa67@example.com,2008,11
2025-02-01 21:05:22,sessa45@example.org,2008,6
2025-02-01 21:05:22,sessa45@example.org,2008,5
2025-02-01 21:05:22,sessa45@example.org,2008,9
2025-03-15 06:27:52,pilarlovato@example.net,2008,10
2025-03-15 06:27:52,pilarlovato@example.net,2008,2
2025-03-15 06:27:52,pilarlovato@example.net,2008,5
2025-04-23 22:27:53,guillermocoronado@example.com,2008,3
2025-04-23 22:27:53,guillermocoronado@example.com,2008,10
2025-04-23 22:27:53,guillermocoronado@example.com,2008,12
2025-05-04 21:28:08,karinapina@example.net,2008,6
2025-05-04 21:28:08,karinapina@example.net,2008,5
2025-05-04 21:28:08,karinapina@example.net,2008,12
2025-01-27 02:56:36,wacuna@example.org,2008,11
2025-01-27 02:56:36,wacuna@example.org,2008,2
2025-01-27 02:56:36,wacuna@example.org,2008,4
2025-01-01 10:54:13,rafael53@example.com,2008,9
2025-01-01 10:54:13,rafael53@example.com,2008,7
2025-01-01 10:54:13,rafael53@example.com,2008,3
2025-04-03 10:42:38,alejandrofigueroa@example.net,15,12
2025-04-03 10:42:38,alejandrofigueroa@example.net,15,4
2025-04-03 10:42:38,alejandrofigueroa@example.net,15,5
2025-01-28 03:45:10,reynaldoromo@example.net,15,8
2025-01-28 03:45:10,reynaldoromo@example.net,15,10
2025-01-28 03:45:10,reynaldoromo@example.net,15,9
2025-03-01 06:23:47,salasmarisol@example.net,15,13
2025-03-01 06:23:47,salasmarisol@example.net,15,4
2025-03-01 06:23:47,salasmarisol@example.net,15,12
2025-03-07 21:09:08,micaelayanez@example.net,15,5
2025-03-07 21:09:08,micaelayanez@example.net,15,10
2025-03-07 21:09:08,micaelayanez@example.net,15,13
2025-05-11 05:52:29,minervacardona@example.net,15,2
2025-05-11 05:52:29,minervacardona@example.net,15,1
2025-05-11 05:52:29,minervacardona@example.net,15,9
2025-02-08 04:03:12,ramon62@example.org,15,6
2025-02-08 04:03:12,ramon62@example.org,15,5
2025-02-08 04:03:12,ramon62@example.org,15,12
2025-02-02 08:08:21,yrojas@example.net,15,8
2025-02-02 08:08:21,yrojas@example.net,15,5
2025-02-02 08:08:21,yrojas@example.net,15,12
2025-05-22 17:46:47,zeferinoangulo@example.net,15,11
2025-05-22 17:46:47,zeferinoangulo@example.net,15,9
2025-05-22 17:46:47,zeferinoangulo@example.net,15,3
2025-01-05 06:14:55,vtello@example.org,15,4
2025-01-05 06:14:55,vtello@example.org,15,12
2025-01-05 06:14:55,vtello@example.org,15,5
2025-04-01 01:57:04,zaratezoe@example.org,15,4
2025-04-01 01:57:04,zaratezoe@example.org,15,9
2025-04-01 01:57:04,zaratezoe@example.org,15,2
2025-03-18 01:12:41,victoriaalcala@example.org,15,6
2025-03-18 01:12:41,victoriaalcala@example.org,15,12
2025-03-18 01:12:41,victoriaalcala@example.org,15,3
2025-01-21 14:43:41,wendolin62@example.net,15,10
2025-01-21 14:43:41,wendolin62@example.net,15,3
2025-01-21 14:43:41,wendolin62@example.net,15,8
2025-02-06 05:50:04,grijalvajaqueline@example.net,15,1
2025-02-06 05:50:04,grijalvajaqueline@example.net,15,9
2025-02-06 05:50:04,grijalvajaqueline@example.net,15,4
2025-05-26 16:13:18,sessa67@example.com,15,3
2025-05-26 16:13:18,sessa67@example.com,15,2
2025-05-26 16:13:18,sessa67@example.com,15,7
2025-04-07 18:47:28,sessa45@example.org,15,3
2025-04-07 18:47:28,sessa45@example.org,15,6
2025-04-07 18:47:28,sessa45@example.org,15,8
2025-03-09 20:21:40,pilarlovato@example.net,15,1
2025-03-09 20:21:40,pilarlovato@example.net,15,10
2025-03-09 20:21:40,pilarlovato@example.net,15,9
2025-05-07 10:50:46,guillermocoronado@example.com,15,1
2025-05-07 10:50:46,guillermocoronado@example.com,15,13
2025-05-07 10:50:46,guillermocoronado@example.com,15,2
2025-04-06 21:44:53,karinapina@example.net,15,11
2025-04-06 21:44:53,karinapina@example.net,15,2
2025-04-06 21:44:53,karinapina@example.net,15,13
2025-02-17 05:16:53,wacuna@example.org,15,8
2025-02-17 05:16:53,wacuna@example.org,15,4
2025-02-17 05:16:53,wacuna@example.org,15,10
2025-02-24 22:10:39,rafael53@example.com,15,12
2025-02-24 22:10:39,rafael53@example.com,15,8
2025-02-24 22:10:39,rafael53@example.com,15,6
2025-04-28 15:09:26,alejandrofigueroa@example.net,462,12
2025-04-28 15:09:26,alejandrofigueroa@example.net,462,2
2025-04-28 15:09:26,alejandrofigueroa@example.net,462,5
2025-01-08 16:26:18,reynaldoromo@example.net,462,13
2025-01-08 16:26:18,reynaldoromo@example.net,462,11
2025-01-08 16:26:18,reynaldoromo@example.net,462,6
2025-01-01 22:49:34,salasmarisol@example.net,462,5
2025-01-01 22:49:34,salasmarisol@example.net,462,12
2025-01-01 22:49:34,salasmarisol@example.net,462,2
2025-05-18 09:03:33,micaelayanez@example.net,462,11
2025-05-18 09:03:33,micaelayanez@example.net,462,3
2025-05-18 09:03:33,micaelayanez@example.net,462,2
2025-01-20 05:27:53,minervacardona@example.net,462,1
2025-01-20 05:27:53,minervacardona@example.net,462,11
2025-01-20 05:27:53,minervacardona@example.net,462,3
2025-04-03 08:21:15,ramon62@example.org,462,11
2025-04-03 08:21:15,ramon62@example.org,462,9
2025-04-03 08:21:15,ramon62@example.org,462,10
2025-01-03 23:46:59,yrojas@example.net,462,9
2025-01-03 23:46:59,yrojas@example.net,462,10
2025-01-03 23:46:59,yrojas@example.net,462,1
2025-05-09 13:51:02,zeferinoangulo@example.net,462,5
2025-05-09 13:51:02,zeferinoangulo@example.net,462,1
2025-05-09 13:51:02,zeferinoangulo@example.net,462,9
2025-03-12 11:35:58,vtello@example.org,462,6
2025-03-12 11:35:58,vtello@example.org,462,2
2025-03-12 11:35:58,vtello@example.org,462,8
2025-05-07 22:24:22,zaratezoe@example.org,462,11
2025-05-07 22:24:22,zaratezoe@example.org,462,8
2025-05-07 22:24:22,zaratezoe@example.org,462,6
2025-02-25 00:24:31,victoriaalcala@example.org,462,13
2025-02-25 00:24:31,victoriaalcala@example.org,462,11
2025-02-25 00:24:31,victoriaalcala@example.org,462,4
2025-04-11 19:38:59,wendolin62@example.net,462,12
2025-04-11 19:38:59,wendolin62@example.net,462,13
2025-04-11 19:38:59,wendolin62@example.net,462,7
2025-03-02 23:01:12,grijalvajaqueline@example.net,462,6
2025-03-02 23:01:12,grijalvajaqueline@example.net,462,2
2025-03-02 23:01:12,grijalvajaqueline@example.net,462,7
2025-03-30 05:45:27,sessa67@example.com,462,8
2025-03-30 05:45:27,sessa67@example.com,462,9
2025-03-30 05:45:27,sessa67@example.com,462,3
2025-04-04 12:34:56,sessa45@example.org,462,7
2025-04-04 12:34:56,sessa45@example.org,462,6
2025-04-04 12:34:56,sessa45@example.org,462,5
2025-04-14 19:34:11,pilarlovato@example.net,462,12
2025-04-14 19:34:11,pilarlovato@example.net,462,5
2025-04-14 19:34:11,pilarlovato@example.net,462,11
2025-03-25 16:15:39,guillermocoronado@example.com,462,13
2025-03-25 16:15:39,guillermocoronado@example.com,462,1
2025-03-25 16:15:39,guillermocoronado@example.com,462,9
2025-01-16 21:06:18,karinapina@example.net,462,11
2025-01-16 21:06:18,karinapina@example.net,462,5
2025-01-16 21:06:18,karinapina@example.net,462,3
2025-03-16 21:06:16,wacuna@example.org,462,9
2025-03-16 21:06:16,wacuna@example.org,462,12
2025-03-16 21:06:16,wacuna@example.org,462,5
2025-01-30 17:44:58,rafael53@example.com,462,11
2025-01-30 17:44:58,rafael53@example.com,462,12
2025-01-30 17:44:58,rafael53@example.com,462,13
2025-04-21 06:55:58,alejandrofigueroa@example.net,969,12
2025-04-21 06:55:58,alejandrofigueroa@example.net,969,9
2025-04-21 06:55:58,alejandrofigueroa@example.net,969,2
2025-04-13 03:43:31,reynaldoromo@example.net,969,8
2025-04-13 03:43:31,reynaldoromo@example.net,969,12
2025-04-13 03:43:31,reynaldoromo@example.net,969,3
2025-04-26 20:04:54,salasmarisol@example.net,969,4
2025-04-26 20:04:54,salasmarisol@example.net,969,3
2025-04-26 20:04:54,salasmarisol@example.net,969,9
2025-05-26 11:33:20,micaelayanez@example.net,969,6
2025-05-26 11:33:20,micaelayanez@example.net,969,5
2025-05-26 11:33:20,micaelayanez@example.net,969,4
2025-05-02 08:21:05,minervacardona@example.net,969,6
2025-05-02 08:21:05,minervacardona@example.net,969,7
2025-05-02 08:21:05,minervacardona@example.net,969,2
2025-03-23 02:39:37,ramon62@example.org,969,4
2025-03-23 02:39:37,ramon62@example.org,969,6
2025-03-23 02:39:37,ramon62@example.org,969,9
2025-04-04 13:21:46,yrojas@example.net,969,9
2025-04-04 13:21:46,yrojas@example.net,969,12
2025-04-04 13:21:46,yrojas@example.net,969,7
2025-04-28 06:31:41,zeferinoangulo@example.net,969,9
2025-04-28 06:31:41,zeferinoangulo@example.net,969,2
2025-04-28 06:31:41,zeferinoangulo@example.net,969,10
2025-05-09 05:12:55,vtello@example.org,969,2
2025-05-09 05:12:55,vtello@example.org,969,9
2025-05-09 05:12:55,vtello@example.org,969,1
2025-01-06 09:21:57,zaratezoe@example.org,969,2
2025-01-06 09:21:57,zaratezoe@example.org,969,5
2025-01-06 09:21:57,zaratezoe@example.org,969,8
2025-03-07 07:13:31,victoriaalcala@example.org,969,11
2025-03-07 07:13:31,victoriaalcala@example.org,969,12
2025-03-07 07:13:31,victoriaalcala@example.org,969,13
2025-05-07 11:15:51,wendolin62@example.net,969,4
2025-05-07 11:15:51,wendolin62@example.net,969,12
2025-05-07 11:15:51,wendolin62@example.net,969,6
2025-02-08 01:26:05,grijalvajaqueline@example.net,969,11
2025-02-08 01:26:05,grijalvajaqueline@example.net,969,10
2025-02-08 01:26:05,grijalvajaqueline@example.net,969,1
2025-04-10 03:52:43,sessa67@example.com,969,6
2025-04-10 03:52:43,sessa67@example.com,969,3
2025-04-10 03:52:43,sessa67@example.com,969,11
2025-02-11 05:08:48,sessa45@example.org,969,11
2025-02-11 05:08:48,sessa45@example.org,969,5
2025-02-11 05:08:48,sessa45@example.org,969,10
2025-03-26 11:06:53,pilarlovato@example.net,969,12
2025-03-26 11:06:53,pilarlovato@example.net,969,11
2025-03-26 11:06:53,pilarlovato@example.net,969,7
2025-01-31 18:54:30,guillermocoronado@example.com,969,2
2025-01-31 18:54:30,guillermocoronado@example.com,969,3
2025-01-31 18:54:30,guillermocoronado@example.com,969,11
2025-01-13 16:43:44,karinapina@example.net,969,11
2025-01-13 16:43:44,karinapina@example.net,969,1
2025-01-13 16:43:44,karinapina@example.net,969,10
2025-03-10 10:32:41,wacuna@example.org,969,13
2025-03-10 10:32:41,wacuna@example.org,969,10
2025-03-10 10:32:41,wacuna@example.org,969,5
2025-03-26 18:41:46,rafael53@example.com,969,3
2025-03-26 18:41:46,rafael53@example.com,969,8
2025-03-26 18:41:46,rafael53@example.com,969,13
2025-01-19 01:29:21,alejandrofigueroa@example.net,2156,6
2025-01-19 01:29:21,alejandrofigueroa@example.net,2156,4
2025-01-19 01:29:21,alejandrofigueroa@example.net,2156,1
2025-02-24 00:21:47,reynaldoromo@example.net,2156,5
2025-02-24 00:21:47,reynaldoromo@example.net,2156,10
2025-02-24 00:21:47,reynaldoromo@example.net,2156,9
2025-03-14 13:34:42,salasmarisol@example.net,2156,7
2025-03-14 13:34:42,salasmarisol@example.net,2156,6
2025-03-14 13:34:42,salasmarisol@example.net,2156,12
2025-05-27 15:11:59,micaelayanez@example.net,2156,3
2025-05-27 15:11:59,micaelayanez@example.net,2156,13
2025-05-27 15:11:59,micaelayanez@example.net,2156,12
2025-03-02 01:57:03,minervacardona@example.net,2156,3
2025-03-02 01:57:03,minervacardona@example.net,2156,11
2025-03-02 01:57:03,minervacardona@example.net,2156,7
2025-03-24 06:27:39,ramon62@example.org,2156,5
2025-03-24 06:27:39,ramon62@example.org,2156,3
2025-03-24 06:27:39,ramon62@example.org,2156,9
2025-02-16 12:49:18,yrojas@example.net,2156,7
2025-02-16 12:49:18,yrojas@example.net,2156,10
2025-02-16 12:49:18,yrojas@example.net,2156,3
2025-03-03 06:08:23,zeferinoangulo@example.net,2156,7
2025-03-03 06:08:23,zeferinoangulo@example.net,2156,3
2025-03-03 06:08:23,zeferinoangulo@example.net,2156,2
2025-01-02 20:16:05,vtello@example.org,2156,9
2025-01-02 20:16:05,vtello@example.org,2156,2
2025-01-02 20:16:05,vtello@example.org,2156,12
2025-02-06 20:37:35,zaratezoe@example.org,2156,13
2025-02-06 20:37:35,zaratezoe@example.org,2156,8
2025-02-06 20:37:35,zaratezoe@example.org,2156,7
2025-04-16 01:47:27,victoriaalcala@example.org,2156,9
2025-04-16 01:47:27,victoriaalcala@example.org,2156,7
2025-04-16 01:47:27,victoriaalcala@example.org,2156,5
2025-01-30 22:43:18,wendolin62@example.net,2156,2
2025-01-30 22:43:18,wendolin62@example.net,2156,3
2025-01-30 22:43:18,wendolin62@example.net,2156,7
2025-02-01 03:38:17,grijalvajaqueline@example.net,2156,13
2025-02-01 03:38:17,grijalvajaqueline@example.net,2156,9
2025-02-01 03:38:17,grijalvajaqueline@example.net,2156,8
2025-02-12 00:24:50,sessa67@example.com,2156,2
2025-02-12 00:24:50,sessa67@example.com,2156,12
2025-02-12 00:24:50,sessa67@example.com,2156,4
2025-03-07 07:15:23,sessa45@example.org,2156,3
2025-03-07 07:15:23,sessa45@example.org,2156,8
2025-03-07 07:15:23,sessa45@example.org,2156,10
2025-04-07 17:23:59,pilarlovato@example.net,2156,10
2025-04-07 17:23:59,pilarlovato@example.net,2156,11
2025-04-07 17:23:59,pilarlovato@example.net,2156,9
2025-01-04 19:53:57,guillermocoronado@example.com,2156,13
2025-01-04 19:53:57,guillermocoronado@example.com,2156,10
2025-01-04 19:53:57,guillermocoronado@example.com,2156,9
2025-02-24 22:57:45,karinapina@example.net,2156,13
2025-02-24 22:57:45,karinapina@example.net,2156,7
2025-02-24 22:57:45,karinapina@example.net,2156,6
2025-01-15 23:54:56,wacuna@example.org,2156,4
2025-01-15 23:54:56,wacuna@example.org,2156,10
2025-01-15 23:54:56,wacuna@example.org,2156,13
2025-02-01 00:59:37,rafael53@example.com,2156,2
2025-02-01 00:59:37,rafael53@example.com,2156,9
2025-02-01 00:59:37,rafael53@example.com,2156,5
2025-01-19 21:04:00,alejandrofigueroa@example.net,1313,2
2025-01-19 21:04:00,alejandrofigueroa@example.net,1313,5
2025-01-19 21:04:00,alejandrofigueroa@example.net,1313,13
2025-02-02 01:07:22,reynaldoromo@example.net,1313,7
2025-02-02 01:07:22,reynaldoromo@example.net,1313,11
2025-02-02 01:07:22,reynaldoromo@example.net,1313,6
2025-03-12 13:23:27,salasmarisol@example.net,1313,4
2025-03-12 13:23:27,salasmarisol@example.net,1313,13
2025-03-12 13:23:27,salasmarisol@example.net,1313,12
2025-04-13 14:52:15,micaelayanez@example.net,1313,11
2025-04-13 14:52:15,micaelayanez@example.net,1313,13
2025-04-13 14:52:15,micaelayanez@example.net,1313,8
2025-04-02 10:40:44,minervacardona@example.net,1313,3
2025-04-02 10:40:44,minervacardona@example.net,1313,9
2025-04-02 10:40:44,minervacardona@example.net,1313,5
2025-04-06 23:13:59,ramon62@example.org,1313,11
2025-04-06 23:13:59,ramon62@example.org,1313,3
2025-04-06 23:13:59,ramon62@example.org,1313,8
2025-03-11 14:03:34,yrojas@example.net,1313,10
2025-03-11 14:03:34,yrojas@example.net,1313,5
2025-03-11 14:03:34,yrojas@example.net,1313,3
2025-02-23 08:18:13,zeferinoangulo@example.net,1313,7
2025-02-23 08:18:13,zeferinoangulo@example.net,1313,12
2025-02-23 08:18:13,zeferinoangulo@example.net,1313,6
2025-02-05 02:21:30,vtello@example.org,1313,7
2025-02-05 02:21:30,vtello@example.org,1313,13
2025-02-05 02:21:30,vtello@example.org,1313,4
2025-01-07 03:11:26,zaratezoe@example.org,1313,5
2025-01-07 03:11:26,zaratezoe@example.org,1313,9
2025-01-07 03:11:26,zaratezoe@example.org,1313,10
2025-02-09 05:00:28,victoriaalcala@example.org,1313,6
2025-02-09 05:00:28,victoriaalcala@example.org,1313,5
2025-02-09 05:00:28,victoriaalcala@example.org,1313,13
2025-05-13 09:42:01,wendolin62@example.net,1313,6
2025-05-13 09:42:01,wendolin62@example.net,1313,13
2025-05-13 09:42:01,wendolin62@example.net,1313,11
2025-04-12 16:02:22,grijalvajaqueline@example.net,1313,11
2025-04-12 16:02:22,grijalvajaqueline@example.net,1313,10
2025-04-12 16:02:22,grijalvajaqueline@example.net,1313,12
2025-04-08 04:31:20,sessa67@example.com,1313,5
2025-04-08 04:31:20,sessa67@example.com,1313,10
2025-04-08 04:31:20,sessa67@example.com,1313,11
2025-04-27 14:56:14,sessa45@example.org,1313,4
2025-04-27 14:56:14,sessa45@example.org,1313,11
2025-04-27 14:56:14,sessa45@example.org,1313,5
2025-04-25 00:55:01,pilarlovato@example.net,1313,13
2025-04-25 00:55:01,pilarlovato@example.net,1313,7
2025-04-25 00:55:01,pilarlovato@example.net,1313,9
2025-03-13 22:35:56,guillermocoronado@example.com,1313,5
2025-03-13 22:35:56,guillermocoronado@example.com,1313,8
2025-03-13 22:35:56,guillermocoronado@example.com,1313,11
2025-05-01 05:45:13,karinapina@example.net,1313,9
2025-05-01 05:45:13,karinapina@example.net,1313,5
2025-05-01 05:45:13,karinapina@example.net,1313,13
2025-01-31 11:26:29,wacuna@example.org,1313,4
2025-01-31 11:26:29,wacuna@example.org,1313,2
2025-01-31 11:26:29,wacuna@example.org,1313,8
2025-03-22 04:45:06,rafael53@example.com,1313,8
2025-03-22 04:45:06,rafael53@example.com,1313,9
2025-03-22 04:45:06,rafael53@example.com,1313,1
2025-04-24 09:10:39,alejandrofigueroa@example.net,854,9
2025-04-24 09:10:39,alejandrofigueroa@example.net,854,7
2025-04-24 09:10:39,alejandrofigueroa@example.net,854,12
2025-02-09 21:13:13,reynaldoromo@example.net,854,13
2025-02-09 21:13:13,reynaldoromo@example.net,854,10
2025-02-09 21:13:13,reynaldoromo@example.net,854,11
2025-03-10 06:54:00,salasmarisol@example.net,854,11
2025-03-10 06:54:00,salasmarisol@example.net,854,8
2025-03-10 06:54:00,salasmarisol@example.net,854,10
2025-04-27 05:11:06,micaelayanez@example.net,854,2
2025-04-27 05:11:06,micaelayanez@example.net,854,5
2025-04-27 05:11:06,micaelayanez@example.net,854,12
2025-05-18 08:36:14,minervacardona@example.net,854,5
2025-05-18 08:36:14,minervacardona@example.net,854,8
2025-05-18 08:36:14,minervacardona@example.net,854,6
2025-02-23 16:18:54,ramon62@example.org,854,4
2025-02-23 16:18:54,ramon62@example.org,854,5
2025-02-23 16:18:54,ramon62@example.org,854,7
2025-03-08 19:57:17,yrojas@example.net,854,13
2025-03-08 19:57:17,yrojas@example.net,854,2
2025-03-08 19:57:17,yrojas@example.net,854,9
2025-02-25 01:53:16,zeferinoangulo@example.net,854,5
2025-02-25 01:53:16,zeferinoangulo@example.net,854,4
2025-02-25 01:53:16,zeferinoangulo@example.net,854,6
2025-01-17 04:47:09,vtello@example.org,854,13
2025-01-17 04:47:09,vtello@example.org,854,4
2025-01-17 04:47:09,vtello@example.org,854,1
2025-03-01 06:04:31,zaratezoe@example.org,854,10
2025-03-01 06:04:31,zaratezoe@example.org,854,6
2025-03-01 06:04:31,zaratezoe@example.org,854,11
2025-02-25 23:27:15,victoriaalcala@example.org,854,13
2025-02-25 23:27:15,victoriaalcala@example.org,854,11
2025-02-25 23:27:15,victoriaalcala@example.org,854,6
2025-02-14 05:00:53,wendolin62@example.net,854,5
2025-02-14 05:00:53,wendolin62@example.net,854,9
2025-02-14 05:00:53,wendolin62@example.net,854,8
2025-03-10 21:02:02,grijalvajaqueline@example.net,854,5
2025-03-10 21:02:02,grijalvajaqueline@example.net,854,13
2025-03-10 21:02:02,grijalvajaqueline@example.net,854,9
2025-04-15 01:06:04,sessa67@example.com,854,2
2025-04-15 01:06:04,sessa67@example.com,854,11
2025-04-15 01:06:04,sessa67@example.com,854,9
2025-03-27 22:06:56,sessa45@example.org,854,2
2025-03-27 22:06:56,sessa45@example.org,854,9
2025-03-27 22:06:56,sessa45@example.org,854,11
2025-01-31 02:30:06,pilarlovato@example.net,854,1
2025-01-31 02:30:06,pilarlovato@example.net,854,10
2025-01-31 02:30:06,pilarlovato@example.net,854,11
2025-02-03 03:53:44,guillermocoronado@example.com,854,11
2025-02-03 03:53:44,guillermocoronado@example.com,854,8
2025-02-03 03:53:44,guillermocoronado@example.com,854,2
2025-04-16 09:58:47,karinapina@example.net,854,2
2025-04-16 09:58:47,karinapina@example.net,854,4
2025-04-16 09:58:47,karinapina@example.net,854,9
2025-03-29 12:54:12,wacuna@example.org,854,2
2025-03-29 12:54:12,wacuna@example.org,854,11
2025-03-29 12:54:12,wacuna@example.org,854,10
2025-03-27 16:18:49,rafael53@example.com,854,6
2025-03-27 16:18:49,rafael53@example.com,854,9
2025-03-27 16:18:49,rafael53@example.com,854,13
2025-05-05 15:58:47,alejandrofigueroa@example.net,1096,7
2025-05-05 15:58:47,alejandrofigueroa@example.net,1096,1
2025-05-05 15:58:47,alejandrofigueroa@example.net,1096,12
2025-02-03 00:40:28,reynaldoromo@example.net,1096,13
2025-02-03 00:40:28,reynaldoromo@example.net,1096,12
2025-02-03 00:40:28,reynaldoromo@example.net,1096,5
2025-04-18 16:06:18,salasmarisol@example.net,1096,5
2025-04-18 16:06:18,salasmarisol@example.net,1096,6
2025-04-18 16:06:18,salasmarisol@example.net,1096,10
2025-01-26 02:18:30,micaelayanez@example.net,1096,3
2025-01-26 02:18:30,micaelayanez@example.net,1096,8
2025-01-26 02:18:30,micaelayanez@example.net,1096,10
2025-02-17 07:28:34,minervacardona@example.net,1096,2
2025-02-17 07:28:34,minervacardona@example.net,1096,4
2025-02-17 07:28:34,minervacardona@example.net,1096,11
2025-03-07 22:57:33,ramon62@example.org,1096,12
2025-03-07 22:57:33,ramon62@example.org,1096,4
2025-03-07 22:57:33,ramon62@example.org,1096,3
2025-02-20 12:28:57,yrojas@example.net,1096,6
2025-02-20 12:28:57,yrojas@example.net,1096,2
2025-02-20 12:28:57,yrojas@example.net,1096,8
2025-05-19 00:30:56,zeferinoangulo@example.net,1096,9
2025-05-19 00:30:56,zeferinoangulo@example.net,1096,4
2025-05-19 00:30:56,zeferinoangulo@example.net,1096,8
2025-02-03 01:21:21,vtello@example.org,1096,10
2025-02-03 01:21:21,vtello@example.org,1096,2
2025-02-03 01:21:21,vtello@example.org,1096,12
2025-04-08 02:47:24,zaratezoe@example.org,1096,10
2025-04-08 02:47:24,zaratezoe@example.org,1096,8
2025-04-08 02:47:24,zaratezoe@example.org,1096,13
2025-02-24 18:15:35,victoriaalcala@example.org,1096,10
2025-02-24 18:15:35,victoriaalcala@example.org,1096,3
2025-02-24 18:15:35,victoriaalcala@example.org,1096,5
2025-04-14 23:29:19,wendolin62@example.net,1096,9
2025-04-14 23:29:19,wendolin62@example.net,1096,13
2025-04-14 23:29:19,wendolin62@example.net,1096,5
2025-04-28 13:45:41,grijalvajaqueline@example.net,1096,4
2025-04-28 13:45:41,grijalvajaqueline@example.net,1096,12
2025-04-28 13:45:41,grijalvajaqueline@example.net,1096,10
2025-01-10 17:36:40,sessa67@example.com,1096,5
2025-01-10 17:36:40,sessa67@example.com,1096,11
2025-01-10 17:36:40,sessa67@example.com,1096,7
2025-05-05 18:35:59,sessa45@example.org,1096,12
2025-05-05 18:35:59,sessa45@example.org,1096,1
2025-05-05 18:35:59,sessa45@example.org,1096,13
2025-01-22 05:15:21,pilarlovato@example.net,1096,5
2025-01-22 05:15:21,pilarlovato@example.net,1096,4
2025-01-22 05:15:21,pilarlovato@example.net,1096,9
2025-03-17 17:12:35,guillermocoronado@example.com,1096,11
2025-03-17 17:12:35,guillermocoronado@example.com,1096,3
2025-03-17 17:12:35,guillermocoronado@example.com,1096,2
2025-05-13 17:15:44,karinapina@example.net,1096,3
2025-05-13 17:15:44,karinapina@example.net,1096,4
2025-05-13 17:15:44,karinapina@example.net,1096,11
2025-01-14 02:52:40,wacuna@example.org,1096,9
2025-01-14 02:52:40,wacuna@example.org,1096,13
2025-01-14 02:52:40,wacuna@example.org,1096,2
2025-02-25 01:51:06,rafael53@example.com,1096,13
2025-02-25 01:51:06,rafael53@example.com,1096,4
2025-02-25 01:51:06,rafael53@example.com,1096,2
2025-02-04 02:57:20,alejandrofigueroa@example.net,1337,12
2025-02-04 02:57:20,alejandrofigueroa@example.net,1337,8
2025-02-04 02:57:20,alejandrofigueroa@example.net,1337,3
2025-02-06 22:22:00,reynaldoromo@example.net,1337,1
2025-02-06 22:22:00,reynaldoromo@example.net,1337,7
2025-02-06 22:22:00,reynaldoromo@example.net,1337,13
2025-05-19 15:44:37,salasmarisol@example.net,1337,4
2025-05-19 15:44:37,salasmarisol@example.net,1337,7
2025-05-19 15:44:37,salasmarisol@example.net,1337,12
2025-01-23 09:36:27,micaelayanez@example.net,1337,9
2025-01-23 09:36:27,micaelayanez@example.net,1337,7
2025-01-23 09:36:27,micaelayanez@example.net,1337,1
2025-01-19 21:59:06,minervacardona@example.net,1337,3
2025-01-19 21:59:06,minervacardona@example.net,1337,7
2025-01-19 21:59:06,minervacardona@example.net,1337,5
2025-05-25 12:08:18,ramon62@example.org,1337,12
2025-05-25 12:08:18,ramon62@example.org,1337,9
2025-05-25 12:08:18,ramon62@example.org,1337,3
2025-04-23 00:56:06,yrojas@example.net,1337,6
2025-04-23 00:56:06,yrojas@example.net,1337,12
2025-04-23 00:56:06,yrojas@example.net,1337,11
2025-01-05 11:43:38,zeferinoangulo@example.net,1337,7
2025-01-05 11:43:38,zeferinoangulo@example.net,1337,1
2025-01-05 11:43:38,zeferinoangulo@example.net,1337,3
2025-03-07 18:37:33,vtello@example.org,1337,11
2025-03-07 18:37:33,vtello@example.org,1337,3
2025-03-07 18:37:33,vtello@example.org,1337,2
2025-02-01 17:45:08,zaratezoe@example.org,1337,8
2025-02-01 17:45:08,zaratezoe@example.org,1337,4
2025-02-01 17:45:08,zaratezoe@example.org,1337,12
2025-03-26 09:28:34,victoriaalcala@example.org,1337,3
2025-03-26 09:28:34,victoriaalcala@example.org,1337,13
2025-03-26 09:28:34,victoriaalcala@example.org,1337,1
2025-05-01 19:09:59,wendolin62@example.net,1337,3
2025-05-01 19:09:59,wendolin62@example.net,1337,13
2025-05-01 19:09:59,wendolin62@example.net,1337,11
2025-02-14 03:34:49,grijalvajaqueline@example.net,1337,6
2025-02-14 03:34:49,grijalvajaqueline@example.net,1337,7
2025-02-14 03:34:49,grijalvajaqueline@example.net,1337,2
2025-02-01 17:07:03,sessa67@example.com,1337,4
2025-02-01 17:07:03,sessa67@example.com,1337,10
2025-02-01 17:07:03,sessa67@example.com,1337,1
2025-04-11 11:29:31,sessa45@example.org,1337,10
2025-04-11 11:29:31,sessa45@example.org,1337,8
2025-04-11 11:29:31,sessa45@example.org,1337,9
2025-05-27 17:40:46,pilarlovato@example.net,1337,11
2025-05-27 17:40:46,pilarlovato@example.net,1337,2
2025-05-27 17:40:46,pilarlovato@example.net,1337,4
2025-01-29 08:44:37,guillermocoronado@example.com,1337,13
2025-01-29 08:44:37,guillermocoronado@example.com,1337,2
2025-01-29 08:44:37,guillermocoronado@example.com,1337,5
2025-05-07 03:56:10,karinapina@example.net,1337,6
2025-05-07 03:56:10,karinapina@example.net,1337,13
2025-05-07 03:56:10,karinapina@example.net,1337,11
2025-04-22 00:51:59,wacuna@example.org,1337,1
2025-04-22 00:51:59,wacuna@example.org,1337,9
2025-04-22 00:51:59,wacuna@example.org,1337,5
2025-05-22 05:51:05,rafael53@example.com,1337,1
2025-05-22 05:51:05,rafael53@example.com,1337,6
2025-05-22 05:51:05,rafael53@example.com,1337,7
2025-05-10 05:26:48,alejandrofigueroa@example.net,1532,7
2025-05-10 05:26:48,alejandrofigueroa@example.net,1532,2
2025-05-10 05:26:48,alejandrofigueroa@example.net,1532,8
2025-05-17 14:20:16,reynaldoromo@example.net,1532,2
2025-05-17 14:20:16,reynaldoromo@example.net,1532,8
2025-05-17 14:20:16,reynaldoromo@example.net,1532,9
2025-02-27 05:38:13,salasmarisol@example.net,1532,9
2025-02-27 05:38:13,salasmarisol@example.net,1532,11
2025-02-27 05:38:13,salasmarisol@example.net,1532,3
2025-01-07 09:57:22,micaelayanez@example.net,1532,1
2025-01-07 09:57:22,micaelayanez@example.net,1532,2
2025-01-07 09:57:22,micaelayanez@example.net,1532,9
2025-02-18 11:03:05,minervacardona@example.net,1532,9
2025-02-18 11:03:05,minervacardona@example.net,1532,6
2025-02-18 11:03:05,minervacardona@example.net,1532,8
2025-01-08 02:18:55,ramon62@example.org,1532,6
2025-01-08 02:18:55,ramon62@example.org,1532,5
2025-01-08 02:18:55,ramon62@example.org,1532,3
2025-05-04 21:41:24,yrojas@example.net,1532,11
2025-05-04 21:41:24,yrojas@example.net,1532,1
2025-05-04 21:41:24,yrojas@example.net,1532,2
2025-03-15 10:49:21,zeferinoangulo@example.net,1532,4
2025-03-15 10:49:21,zeferinoangulo@example.net,1532,12
2025-03-15 10:49:21,zeferinoangulo@example.net,1532,11
2025-03-08 09:04:00,vtello@example.org,1532,11
2025-03-08 09:04:00,vtello@example.org,1532,12
2025-03-08 09:04:00,vtello@example.org,1532,8
2025-03-01 12:52:04,zaratezoe@example.org,1532,8
2025-03-01 12:52:04,zaratezoe@example.org,1532,13
2025-03-01 12:52:04,zaratezoe@example.org,1532,1
2025-04-26 08:57:54,victoriaalcala@example.org,1532,2
2025-04-26 08:57:54,victoriaalcala@example.org,1532,7
2025-04-26 08:57:54,victoriaalcala@example.org,1532,13
2025-02-01 20:36:21,wendolin62@example.net,1532,7
2025-02-01 20:36:21,wendolin62@example.net,1532,2
2025-02-01 20:36:21,wendolin62@example.net,1532,6
2025-02-16 05:49:19,grijalvajaqueline@example.net,1532,10
2025-02-16 05:49:19,grijalvajaqueline@example.net,1532,8
2025-02-16 05:49:19,grijalvajaqueline@example.net,1532,6
2025-01-19 06:13:33,sessa67@example.com,1532,8
2025-01-19 06:13:33,sessa67@example.com,1532,11
2025-01-19 06:13:33,sessa67@example.com,1532,12
2025-04-14 04:12:48,sessa45@example.org,1532,10
2025-04-14 04:12:48,sessa45@example.org,1532,13
2025-04-14 04:12:48,sessa45@example.org,1532,8
2025-03-29 12:50:08,pilarlovato@example.net,1532,9
2025-03-29 12:50:08,pilarlovato@example.net,1532,7
2025-03-29 12:50:08,pilarlovato@example.net,1532,3
2025-01-09 12:13:56,guillermocoronado@example.com,1532,7
2025-01-09 12:13:56,guillermocoronado@example.com,1532,12
2025-01-09 12:13:56,guillermocoronado@example.com,1532,10
2025-04-24 21:16:18,karinapina@example.net,1532,9
2025-04-24 21:16:18,karinapina@example.net,1532,7
2025-04-24 21:16:18,karinapina@example.net,1532,6
2025-04-21 16:52:04,wacuna@example.org,1532,8
2025-04-21 16:52:04,wacuna@example.org,1532,11
2025-04-21 16:52:04,wacuna@example.org,1532,7
2025-04-14 01:05:46,rafael53@example.com,1532,8
2025-04-14 01:05:46,rafael53@example.com,1532,7
2025-04-14 01:05:46,rafael53@example.com,1532,6
2025-03-04 00:52:30,alejandrofigueroa@example.net,689,1
2025-03-04 00:52:30,alejandrofigueroa@example.net,689,10
2025-03-04 00:52:30,alejandrofigueroa@example.net,689,8
2025-05-03 15:33:35,reynaldoromo@example.net,689,10
2025-05-03 15:33:35,reynaldoromo@example.net,689,2
2025-05-03 15:33:35,reynaldoromo@example.net,689,4
2025-02-11 02:55:44,salasmarisol@example.net,689,8
2025-02-11 02:55:44,salasmarisol@example.net,689,10
2025-02-11 02:55:44,salasmarisol@example.net,689,6
2025-01-14 22:27:59,micaelayanez@example.net,689,3
2025-01-14 22:27:59,micaelayanez@example.net,689,10
2025-01-14 22:27:59,micaelayanez@example.net,689,1
2025-02-04 03:36:22,minervacardona@example.net,689,10
2025-02-04 03:36:22,minervacardona@example.net,689,5
2025-02-04 03:36:22,minervacardona@example.net,689,12
2025-02-24 02:46:48,ramon62@example.org,689,4
2025-02-24 02:46:48,ramon62@example.org,689,8
2025-02-24 02:46:48,ramon62@example.org,689,3
2025-03-31 22:19:46,yrojas@example.net,689,11
2025-03-31 22:19:46,yrojas@example.net,689,8
2025-03-31 22:19:46,yrojas@example.net,689,13
2025-02-12 02:15:46,zeferinoangulo@example.net,689,7
2025-02-12 02:15:46,zeferinoangulo@example.net,689,8
2025-02-12 02:15:46,zeferinoangulo@example.net,689,5
2025-05-19 03:27:57,vtello@example.org,689,13
2025-05-19 03:27:57,vtello@example.org,689,8
2025-05-19 03:27:57,vtello@example.org,689,7
2025-01-08 00:17:20,zaratezoe@example.org,689,5
2025-01-08 00:17:20,zaratezoe@example.org,689,11
2025-01-08 00:17:20,zaratezoe@example.org,689,10
2025-01-22 22:36:57,victoriaalcala@example.org,689,1
2025-01-22 22:36:57,victoriaalcala@example.org,689,7
2025-01-22 22:36:57,victoriaalcala@example.org,689,2
2025-01-01 21:14:29,wendolin62@example.net,689,10
2025-01-01 21:14:29,wendolin62@example.net,689,2
2025-01-01 21:14:29,wendolin62@example.net,689,1
2025-03-04 10:33:38,grijalvajaqueline@example.net,689,3
2025-03-04 10:33:38,grijalvajaqueline@example.net,689,5
2025-03-04 10:33:38,grijalvajaqueline@example.net,689,12
2025-03-21 10:45:18,sessa67@example.com,689,7
2025-03-21 10:45:18,sessa67@example.com,689,13
2025-03-21 10:45:18,sessa67@example.com,689,6
2025-02-09 02:29:29,sessa45@example.org,689,8
2025-02-09 02:29:29,sessa45@example.org,689,2
2025-02-09 02:29:29,sessa45@example.org,689,3
2025-02-21 02:53:26,pilarlovato@example.net,689,10
2025-02-21 02:53:26,pilarlovato@example.net,689,12
2025-02-21 02:53:26,pilarlovato@example.net,689,5
2025-04-06 11:56:51,guillermocoronado@example.com,689,6
2025-04-06 11:56:51,guillermocoronado@example.com,689,7
2025-04-06 11:56:51,guillermocoronado@example.com,689,10
2025-01-22 21:35:34,karinapina@example.net,689,10
2025-01-22 21:35:34,karinapina@example.net,689,9
2025-01-22 21:35:34,karinapina@example.net,689,6
2025-01-18 19:06:23,wacuna@example.org,689,4
2025-01-18 19:06:23,wacuna@example.org,689,3
2025-01-18 19:06:23,wacuna@example.org,689,9
2025-03-02 11:25:05,rafael53@example.com,689,4
2025-03-02 11:25:05,rafael53@example.com,689,3
2025-03-02 11:25:05,rafael53@example.com,689,1
2025-01-26 03:10:48,alejandrofigueroa@example.net,2311,13
2025-01-26 03:10:48,alejandrofigueroa@example.net,2311,8
2025-01-26 03:10:48,alejandrofigueroa@example.net,2311,1
2025-01-21 14:31:06,reynaldoromo@example.net,2311,10
2025-01-21 14:31:06,reynaldoromo@example.net,2311,4
2025-01-21 14:31:06,reynaldoromo@example.net,2311,2
2025-01-08 07:03:13,salasmarisol@example.net,2311,1
2025-01-08 07:03:13,salasmarisol@example.net,2311,5
2025-01-08 07:03:13,salasmarisol@example.net,2311,2
2025-04-03 18:30:56,micaelayanez@example.net,2311,6
2025-04-03 18:30:56,micaelayanez@example.net,2311,12
2025-04-03 18:30:56,micaelayanez@example.net,2311,11
2025-04-27 18:40:51,minervacardona@example.net,2311,2
2025-04-27 18:40:51,minervacardona@example.net,2311,5
2025-04-27 18:40:51,minervacardona@example.net,2311,3
2025-05-01 11:34:05,ramon62@example.org,2311,10
2025-05-01 11:34:05,ramon62@example.org,2311,7
2025-05-01 11:34:05,ramon62@example.org,2311,3
2025-05-02 01:57:23,yrojas@example.net,2311,3
2025-05-02 01:57:23,yrojas@example.net,2311,4
2025-05-02 01:57:23,yrojas@example.net,2311,13
2025-01-29 03:09:52,zeferinoangulo@example.net,2311,7
2025-01-29 03:09:52,zeferinoangulo@example.net,2311,1
2025-01-29 03:09:52,zeferinoangulo@example.net,2311,9
2025-01-27 15:36:59,vtello@example.org,2311,4
2025-01-27 15:36:59,vtello@example.org,2311,2
2025-01-27 15:36:59,vtello@example.org,2311,3
2025-02-24 19:43:10,zaratezoe@example.org,2311,6
2025-02-24 19:43:10,zaratezoe@example.org,2311,10
2025-02-24 19:43:10,zaratezoe@example.org,2311,8
2025-05-27 22:54:26,victoriaalcala@example.org,2311,12
2025-05-27 22:54:26,victoriaalcala@example.org,2311,8
2025-05-27 22:54:26,victoriaalcala@example.org,2311,10
2025-04-25 14:27:25,wendolin62@example.net,2311,12
2025-04-25 14:27:25,wendolin62@example.net,2311,7
2025-04-25 14:27:25,wendolin62@example.net,2311,4
2025-03-08 03:30:15,grijalvajaqueline@example.net,2311,8
2025-03-08 03:30:15,grijalvajaqueline@example.net,2311,3
2025-03-08 03:30:15,grijalvajaqueline@example.net,2311,7
2025-02-11 22:16:54,sessa67@example.com,2311,12
2025-02-11 22:16:54,sessa67@example.com,2311,10
2025-02-11 22:16:54,sessa67@example.com,2311,1
2025-04-01 20:30:00,sessa45@example.org,2311,10
2025-04-01 20:30:00,sessa45@example.org,2311,3
2025-04-01 20:30:00,sessa45@example.org,2311,11
2025-02-27 11:02:52,pilarlovato@example.net,2311,5
2025-02-27 11:02:52,pilarlovato@example.net,2311,1
2025-02-27 11:02:52,pilarlovato@example.net,2311,7
2025-05-26 02:56:38,guillermocoronado@example.com,2311,8
2025-05-26 02:56:38,guillermocoronado@example.com,2311,12
2025-05-26 02:56:38,guillermocoronado@example.com,2311,9
2025-02-06 11:28:15,karinapina@example.net,2311,13
2025-02-06 11:28:15,karinapina@example.net,2311,1
2025-02-06 11:28:15,karinapina@example.net,2311,7
2025-03-12 00:12:26,wacuna@example.org,2311,12
2025-03-12 00:12:26,wacuna@example.org,2311,8
2025-03-12 00:12:26,wacuna@example.org,2311,10
2025-05-23 15:41:07,rafael53@example.com,2311,11
2025-05-23 15:41:07,rafael53@example.com,2311,1
2025-05-23 15:41:07,rafael53@example.com,2311,13
2025-02-20 02:18:50,alejandrofigueroa@example.net,691,6
2025-02-20 02:18:50,alejandrofigueroa@example.net,691,12
2025-02-20 02:18:50,alejandrofigueroa@example.net,691,1
2025-03-11 06:46:16,reynaldoromo@example.net,691,11
2025-03-11 06:46:16,reynaldoromo@example.net,691,9
2025-03-11 06:46:16,reynaldoromo@example.net,691,2
2025-01-21 09:20:28,salasmarisol@example.net,691,5
2025-01-21 09:20:28,salasmarisol@example.net,691,9
2025-01-21 09:20:28,salasmarisol@example.net,691,11
2025-01-18 13:01:16,micaelayanez@example.net,691,9
2025-01-18 13:01:16,micaelayanez@example.net,691,11
2025-01-18 13:01:16,micaelayanez@example.net,691,13
2025-02-07 01:08:03,minervacardona@example.net,691,5
2025-02-07 01:08:03,minervacardona@example.net,691,2
2025-02-07 01:08:03,minervacardona@example.net,691,12
2025-04-12 04:04:10,ramon62@example.org,691,9
2025-04-12 04:04:10,ramon62@example.org,691,3
2025-04-12 04:04:10,ramon62@example.org,691,8
2025-01-19 02:17:01,yrojas@example.net,691,10
2025-01-19 02:17:01,yrojas@example.net,691,6
2025-01-19 02:17:01,yrojas@example.net,691,11
2025-05-06 09:58:01,zeferinoangulo@example.net,691,4
2025-05-06 09:58:01,zeferinoangulo@example.net,691,8
2025-05-06 09:58:01,zeferinoangulo@example.net,691,6
2025-02-13 18:22:57,vtello@example.org,691,3
2025-02-13 18:22:57,vtello@example.org,691,12
2025-02-13 18:22:57,vtello@example.org,691,11
2025-05-05 14:37:10,zaratezoe@example.org,691,3
2025-05-05 14:37:10,zaratezoe@example.org,691,4
2025-05-05 14:37:10,zaratezoe@example.org,691,9
2025-05-27 17:33:04,victoriaalcala@example.org,691,8
2025-05-27 17:33:04,victoriaalcala@example.org,691,3
2025-05-27 17:33:04,victoriaalcala@example.org,691,13
2025-03-08 16:22:50,wendolin62@example.net,691,12
2025-03-08 16:22:50,wendolin62@example.net,691,2
2025-03-08 16:22:50,wendolin62@example.net,691,8
2025-05-27 11:17:27,grijalvajaqueline@example.net,691,2
2025-05-27 11:17:27,grijalvajaqueline@example.net,691,6
2025-05-27 11:17:27,grijalvajaqueline@example.net,691,1
2025-04-25 22:14:29,sessa67@example.com,691,11
2025-04-25 22:14:29,sessa67@example.com,691,2
2025-04-25 22:14:29,sessa67@example.com,691,9
2025-03-27 04:53:51,sessa45@example.org,691,7
2025-03-27 04:53:51,sessa45@example.org,691,6
2025-03-27 04:53:51,sessa45@example.org,691,1
2025-01-28 10:45:08,pilarlovato@example.net,691,3
2025-01-28 10:45:08,pilarlovato@example.net,691,12
2025-01-28 10:45:08,pilarlovato@example.net,691,7
2025-05-09 05:30:24,guillermocoronado@example.com,691,10
2025-05-09 05:30:24,guillermocoronado@example.com,691,7
2025-05-09 05:30:24,guillermocoronado@example.com,691,2
2025-01-12 23:42:50,karinapina@example.net,691,9
2025-01-12 23:42:50,karinapina@example.net,691,8
2025-01-12 23:42:50,karinapina@example.net,691,1
2025-01-30 21:21:44,wacuna@example.org,691,11
2025-01-30 21:21:44,wacuna@example.org,691,13
2025-01-30 21:21:44,wacuna@example.org,691,8
2025-05-12 15:28:22,rafael53@example.com,691,10
2025-05-12 15:28:22,rafael53@example.com,691,12
2025-05-12 15:28:22,rafael53@example.com,691,6
2025-05-21 22:42:06,alejandrofigueroa@example.net,1105,10
2025-05-21 22:42:06,alejandrofigueroa@example.net,1105,1
2025-05-21 22:42:06,alejandrofigueroa@example.net,1105,3
2025-02-14 01:20:25,reynaldoromo@example.net,1105,5
2025-02-14 01:20:25,reynaldoromo@example.net,1105,13
2025-02-14 01:20:25,reynaldoromo@example.net,1105,9
2025-04-16 10:39:00,salasmarisol@example.net,1105,9
2025-04-16 10:39:00,salasmarisol@example.net,1105,10
2025-04-16 10:39:00,salasmarisol@example.net,1105,6
2025-02-15 14:14:29,micaelayanez@example.net,1105,4
2025-02-15 14:14:29,micaelayanez@example.net,1105,3
2025-02-15 14:14:29,micaelayanez@example.net,1105,9
2025-03-04 13:56:53,minervacardona@example.net,1105,8
2025-03-04 13:56:53,minervacardona@example.net,1105,6
2025-03-04 13:56:53,minervacardona@example.net,1105,5
2025-02-28 07:59:51,ramon62@example.org,1105,12
2025-02-28 07:59:51,ramon62@example.org,1105,3
2025-02-28 07:59:51,ramon62@example.org,1105,4
2025-04-21 00:10:48,yrojas@example.net,1105,13
2025-04-21 00:10:48,yrojas@example.net,1105,7
2025-04-21 00:10:48,yrojas@example.net,1105,1
2025-03-26 14:32:37,zeferinoangulo@example.net,1105,11
2025-03-26 14:32:37,zeferinoangulo@example.net,1105,1
2025-03-26 14:32:37,zeferinoangulo@example.net,1105,2
2025-04-17 14:52:45,vtello@example.org,1105,6
2025-04-17 14:52:45,vtello@example.org,1105,13
2025-04-17 14:52:45,vtello@example.org,1105,3
2025-04-09 02:42:27,zaratezoe@example.org,1105,13
2025-04-09 02:42:27,zaratezoe@example.org,1105,9
2025-04-09 02:42:27,zaratezoe@example.org,1105,1
2025-04-02 09:06:21,victoriaalcala@example.org,1105,7
2025-04-02 09:06:21,victoriaalcala@example.org,1105,13
2025-04-02 09:06:21,victoriaalcala@example.org,1105,4
2025-01-31 06:00:54,wendolin62@example.net,1105,13
2025-01-31 06:00:54,wendolin62@example.net,1105,6
2025-01-31 06:00:54,wendolin62@example.net,1105,5
2025-04-06 11:13:19,grijalvajaqueline@example.net,1105,8
2025-04-06 11:13:19,grijalvajaqueline@example.net,1105,4
2025-04-06 11:13:19,grijalvajaqueline@example.net,1105,9
2025-01-14 04:13:13,sessa67@example.com,1105,2
2025-01-14 04:13:13,sessa67@example.com,1105,7
2025-01-14 04:13:13,sessa67@example.com,1105,8
2025-02-03 08:48:35,sessa45@example.org,1105,6
2025-02-03 08:48:35,sessa45@example.org,1105,4
2025-02-03 08:48:35,sessa45@example.org,1105,10
2025-04-06 05:18:34,pilarlovato@example.net,1105,11
2025-04-06 05:18:34,pilarlovato@example.net,1105,10
2025-04-06 05:18:34,pilarlovato@example.net,1105,7
2025-04-29 22:09:24,guillermocoronado@example.com,1105,3
2025-04-29 22:09:24,guillermocoronado@example.com,1105,1
2025-04-29 22:09:24,guillermocoronado@example.com,1105,2
2025-04-03 07:36:26,karinapina@example.net,1105,10
2025-04-03 07:36:26,karinapina@example.net,1105,2
2025-04-03 07:36:26,karinapina@example.net,1105,12
2025-03-28 02:12:23,wacuna@example.org,1105,7
2025-03-28 02:12:23,wacuna@example.org,1105,2
2025-03-28 02:12:23,wacuna@example.org,1105,13
2025-04-08 02:48:13,rafael53@example.com,1105,7
2025-04-08 02:48:13,rafael53@example.com,1105,3
2025-04-08 02:48:13,rafael53@example.com,1105,5
2025-01-11 01:55:29,alejandrofigueroa@example.net,2168,8
2025-01-11 01:55:29,alejandrofigueroa@example.net,2168,10
2025-01-11 01:55:29,alejandrofigueroa@example.net,2168,7
2025-04-02 11:55:08,reynaldoromo@example.net,2168,10
2025-04-02 11:55:08,reynaldoromo@example.net,2168,1
2025-04-02 11:55:08,reynaldoromo@example.net,2168,11
2025-05-22 07:40:54,salasmarisol@example.net,2168,4
2025-05-22 07:40:54,salasmarisol@example.net,2168,11
2025-05-22 07:40:54,salasmarisol@example.net,2168,5
2025-05-07 20:02:57,micaelayanez@example.net,2168,8
2025-05-07 20:02:57,micaelayanez@example.net,2168,11
2025-05-07 20:02:57,micaelayanez@example.net,2168,7
2025-04-10 01:45:39,minervacardona@example.net,2168,2
2025-04-10 01:45:39,minervacardona@example.net,2168,8
2025-04-10 01:45:39,minervacardona@example.net,2168,13
2025-01-02 20:07:51,ramon62@example.org,2168,11
2025-01-02 20:07:51,ramon62@example.org,2168,2
2025-01-02 20:07:51,ramon62@example.org,2168,9
2025-02-25 19:08:14,yrojas@example.net,2168,2
2025-02-25 19:08:14,yrojas@example.net,2168,10
2025-02-25 19:08:14,yrojas@example.net,2168,9
2025-04-28 07:37:07,zeferinoangulo@example.net,2168,7
2025-04-28 07:37:07,zeferinoangulo@example.net,2168,5
2025-04-28 07:37:07,zeferinoangulo@example.net,2168,10
2025-04-03 22:39:55,vtello@example.org,2168,9
2025-04-03 22:39:55,vtello@example.org,2168,10
2025-04-03 22:39:55,vtello@example.org,2168,7
2025-01-08 16:24:10,zaratezoe@example.org,2168,7
2025-01-08 16:24:10,zaratezoe@example.org,2168,6
2025-01-08 16:24:10,zaratezoe@example.org,2168,2
2025-02-22 13:12:08,victoriaalcala@example.org,2168,4
2025-02-22 13:12:08,victoriaalcala@example.org,2168,1
2025-02-22 13:12:08,victoriaalcala@example.org,2168,13
2025-01-08 06:40:32,wendolin62@example.net,2168,1
2025-01-08 06:40:32,wendolin62@example.net,2168,5
2025-01-08 06:40:32,wendolin62@example.net,2168,12
2025-05-09 05:43:33,grijalvajaqueline@example.net,2168,7
2025-05-09 05:43:33,grijalvajaqueline@example.net,2168,6
2025-05-09 05:43:33,grijalvajaqueline@example.net,2168,11
2025-02-28 10:22:36,sessa67@example.com,2168,2
2025-02-28 10:22:36,sessa67@example.com,2168,6
2025-02-28 10:22:36,sessa67@example.com,2168,12
2025-03-06 22:47:34,sessa45@example.org,2168,7
2025-03-06 22:47:34,sessa45@example.org,2168,5
2025-03-06 22:47:34,sessa45@example.org,2168,10
2025-05-18 07:02:24,pilarlovato@example.net,2168,6
2025-05-18 07:02:24,pilarlovato@example.net,2168,8
2025-05-18 07:02:24,pilarlovato@example.net,2168,13
2025-01-25 05:22:29,guillermocoronado@example.com,2168,12
2025-01-25 05:22:29,guillermocoronado@example.com,2168,6
2025-01-25 05:22:29,guillermocoronado@example.com,2168,11
2025-05-01 05:47:58,karinapina@example.net,2168,4
2025-05-01 05:47:58,karinapina@example.net,2168,3
2025-05-01 05:47:58,karinapina@example.net,2168,8
2025-02-02 11:09:30,wacuna@example.org,2168,3
2025-02-02 11:09:30,wacuna@example.org,2168,12
2025-02-02 11:09:30,wacuna@example.org,2168,5
2025-04-18 03:47:08,rafael53@example.com,2168,8
2025-04-18 03:47:08,rafael53@example.com,2168,11
2025-04-18 03:47:08,rafael53@example.com,2168,3
2025-04-22 13:30:41,alejandrofigueroa@example.net,1893,11
2025-04-22 13:30:41,alejandrofigueroa@example.net,1893,7
2025-04-22 13:30:41,alejandrofigueroa@example.net,1893,6
2025-04-27 20:45:05,reynaldoromo@example.net,1893,3
2025-04-27 20:45:05,reynaldoromo@example.net,1893,7
2025-04-27 20:45:05,reynaldoromo@example.net,1893,12
2025-04-30 02:26:26,salasmarisol@example.net,1893,3
2025-04-30 02:26:26,salasmarisol@example.net,1893,1
2025-04-30 02:26:26,salasmarisol@example.net,1893,7
2025-03-11 14:10:11,micaelayanez@example.net,1893,9
2025-03-11 14:10:11,micaelayanez@example.net,1893,7
2025-03-11 14:10:11,micaelayanez@example.net,1893,8
2025-03-15 19:31:35,minervacardona@example.net,1893,7
2025-03-15 19:31:35,minervacardona@example.net,1893,4
2025-03-15 19:31:35,minervacardona@example.net,1893,10
2025-04-22 01:25:47,ramon62@example.org,1893,10
2025-04-22 01:25:47,ramon62@example.org,1893,8
2025-04-22 01:25:47,ramon62@example.org,1893,4
2025-04-30 11:17:09,yrojas@example.net,1893,7
2025-04-30 11:17:09,yrojas@example.net,1893,12
2025-04-30 11:17:09,yrojas@example.net,1893,10
2025-05-15 06:20:07,zeferinoangulo@example.net,1893,11
2025-05-15 06:20:07,zeferinoangulo@example.net,1893,10
2025-05-15 06:20:07,zeferinoangulo@example.net,1893,1
2025-05-05 11:42:43,vtello@example.org,1893,3
2025-05-05 11:42:43,vtello@example.org,1893,5
2025-05-05 11:42:43,vtello@example.org,1893,13
2025-05-17 18:24:58,zaratezoe@example.org,1893,6
2025-05-17 18:24:58,zaratezoe@example.org,1893,1
2025-05-17 18:24:58,zaratezoe@example.org,1893,3
2025-05-24 22:54:09,victoriaalcala@example.org,1893,12
2025-05-24 22:54:09,victoriaalcala@example.org,1893,8
2025-05-24 22:54:09,victoriaalcala@example.org,1893,3
2025-03-23 04:31:12,wendolin62@example.net,1893,3
2025-03-23 04:31:12,wendolin62@example.net,1893,12
2025-03-23 04:31:12,wendolin62@example.net,1893,8
2025-01-11 10:40:02,grijalvajaqueline@example.net,1893,12
2025-01-11 10:40:02,grijalvajaqueline@example.net,1893,3
2025-01-11 10:40:02,grijalvajaqueline@example.net,1893,2
2025-05-05 00:33:03,sessa67@example.com,1893,13
2025-05-05 00:33:03,sessa67@example.com,1893,10
2025-05-05 00:33:03,sessa67@example.com,1893,3
2025-03-01 04:26:35,sessa45@example.org,1893,6
2025-03-01 04:26:35,sessa45@example.org,1893,10
2025-03-01 04:26:35,sessa45@example.org,1893,2
2025-05-12 15:38:14,pilarlovato@example.net,1893,1
2025-05-12 15:38:14,pilarlovato@example.net,1893,11
2025-05-12 15:38:14,pilarlovato@example.net,1893,10
2025-01-17 21:24:59,guillermocoronado@example.com,1893,10
2025-01-17 21:24:59,guillermocoronado@example.com,1893,7
2025-01-17 21:24:59,guillermocoronado@example.com,1893,2
2025-05-04 06:50:44,karinapina@example.net,1893,5
2025-05-04 06:50:44,karinapina@example.net,1893,11
2025-05-04 06:50:44,karinapina@example.net,1893,12
2025-02-12 10:01:37,wacuna@example.org,1893,9
2025-02-12 10:01:37,wacuna@example.org,1893,4
2025-02-12 10:01:37,wacuna@example.org,1893,8
2025-03-09 13:27:00,rafael53@example.com,1893,7
2025-03-09 13:27:00,rafael53@example.com,1893,2
2025-03-09 13:27:00,rafael53@example.com,1893,1
2025-02-01 02:58:39,alejandrofigueroa@example.net,2236,13
2025-02-01 02:58:39,alejandrofigueroa@example.net,2236,8
2025-02-01 02:58:39,alejandrofigueroa@example.net,2236,5
2025-03-22 18:14:23,reynaldoromo@example.net,2236,2
2025-03-22 18:14:23,reynaldoromo@example.net,2236,9
2025-03-22 18:14:23,reynaldoromo@example.net,2236,7
2025-02-18 06:28:07,salasmarisol@example.net,2236,11
2025-02-18 06:28:07,salasmarisol@example.net,2236,8
2025-02-18 06:28:07,salasmarisol@example.net,2236,3
2025-01-24 20:44:44,micaelayanez@example.net,2236,13
2025-01-24 20:44:44,micaelayanez@example.net,2236,3
2025-01-24 20:44:44,micaelayanez@example.net,2236,4
2025-02-04 03:27:02,minervacardona@example.net,2236,1
2025-02-04 03:27:02,minervacardona@example.net,2236,3
2025-02-04 03:27:02,minervacardona@example.net,2236,11
2025-01-07 06:18:01,ramon62@example.org,2236,3
2025-01-07 06:18:01,ramon62@example.org,2236,1
2025-01-07 06:18:01,ramon62@example.org,2236,4
2025-03-21 21:31:29,yrojas@example.net,2236,13
2025-03-21 21:31:29,yrojas@example.net,2236,9
2025-03-21 21:31:29,yrojas@example.net,2236,4
2025-03-19 17:32:29,zeferinoangulo@example.net,2236,12
2025-03-19 17:32:29,zeferinoangulo@example.net,2236,8
2025-03-19 17:32:29,zeferinoangulo@example.net,2236,13
2025-01-08 18:04:38,vtello@example.org,2236,2
2025-01-08 18:04:38,vtello@example.org,2236,11
2025-01-08 18:04:38,vtello@example.org,2236,7
2025-04-21 05:39:39,zaratezoe@example.org,2236,12
2025-04-21 05:39:39,zaratezoe@example.org,2236,1
2025-04-21 05:39:39,zaratezoe@example.org,2236,9
2025-02-27 12:36:13,victoriaalcala@example.org,2236,11
2025-02-27 12:36:13,victoriaalcala@example.org,2236,6
2025-02-27 12:36:13,victoriaalcala@example.org,2236,8
2025-05-03 19:36:26,wendolin62@example.net,2236,4
2025-05-03 19:36:26,wendolin62@example.net,2236,10
2025-05-03 19:36:26,wendolin62@example.net,2236,11
2025-04-22 00:39:54,grijalvajaqueline@example.net,2236,12
2025-04-22 00:39:54,grijalvajaqueline@example.net,2236,13
2025-04-22 00:39:54,grijalvajaqueline@example.net,2236,2
2025-01-20 16:41:21,sessa67@example.com,2236,4
2025-01-20 16:41:21,sessa67@example.com,2236,13
2025-01-20 16:41:21,sessa67@example.com,2236,9
2025-01-13 19:34:56,sessa45@example.org,2236,7
2025-01-13 19:34:56,sessa45@example.org,2236,2
2025-01-13 19:34:56,sessa45@example.org,2236,10
2025-04-16 11:34:09,pilarlovato@example.net,2236,5
2025-04-16 11:34:09,pilarlovato@example.net,2236,3
2025-04-16 11:34:09,pilarlovato@example.net,2236,9
2025-05-13 22:21:42,guillermocoronado@example.com,2236,11
2025-05-13 22:21:42,guillermocoronado@example.com,2236,2
2025-05-13 22:21:42,guillermocoronado@example.com,2236,4
2025-01-31 21:36:55,karinapina@example.net,2236,2
2025-01-31 21:36:55,karinapina@example.net,2236,4
2025-01-31 21:36:55,karinapina@example.net,2236,8
2025-03-07 20:58:32,wacuna@example.org,2236,12
2025-03-07 20:58:32,wacuna@example.org,2236,7
2025-03-07 20:58:32,wacuna@example.org,2236,6
2025-04-02 09:51:39,rafael53@example.com,2236,9
2025-04-02 09:51:39,rafael53@example.com,2236,11
2025-04-02 09:51:39,rafael53@example.com,2236,6
2025-03-17 21:14:39,alejandrofigueroa@example.net,1780,1
2025-03-17 21:14:39,alejandrofigueroa@example.net,1780,7
2025-03-17 21:14:39,alejandrofigueroa@example.net,1780,13
2025-02-25 20:21:24,reynaldoromo@example.net,1780,9
2025-02-25 20:21:24,reynaldoromo@example.net,1780,10
2025-02-25 20:21:24,reynaldoromo@example.net,1780,3
2025-03-17 01:11:56,salasmarisol@example.net,1780,9
2025-03-17 01:11:56,salasmarisol@example.net,1780,6
2025-03-17 01:11:56,salasmarisol@example.net,1780,7
2025-04-20 23:14:34,micaelayanez@example.net,1780,10
2025-04-20 23:14:34,micaelayanez@example.net,1780,5
2025-04-20 23:14:34,micaelayanez@example.net,1780,4
2025-04-20 18:59:20,minervacardona@example.net,1780,2
2025-04-20 18:59:20,minervacardona@example.net,1780,8
2025-04-20 18:59:20,minervacardona@example.net,1780,5
2025-01-07 10:26:08,ramon62@example.org,1780,7
2025-01-07 10:26:08,ramon62@example.org,1780,9
2025-01-07 10:26:08,ramon62@example.org,1780,4
2025-04-21 06:26:02,yrojas@example.net,1780,2
2025-04-21 06:26:02,yrojas@example.net,1780,13
2025-04-21 06:26:02,yrojas@example.net,1780,1
2025-05-26 21:37:28,zeferinoangulo@example.net,1780,10
2025-05-26 21:37:28,zeferinoangulo@example.net,1780,8
2025-05-26 21:37:28,zeferinoangulo@example.net,1780,11
2025-05-13 06:03:44,vtello@example.org,1780,9
2025-05-13 06:03:44,vtello@example.org,1780,13
2025-05-13 06:03:44,vtello@example.org,1780,2
2025-05-07 03:42:03,zaratezoe@example.org,1780,10
2025-05-07 03:42:03,zaratezoe@example.org,1780,5
2025-05-07 03:42:03,zaratezoe@example.org,1780,1
2025-02-14 13:32:43,victoriaalcala@example.org,1780,13
2025-02-14 13:32:43,victoriaalcala@example.org,1780,3
2025-02-14 13:32:43,victoriaalcala@example.org,1780,12
2025-04-22 10:07:39,wendolin62@example.net,1780,6
2025-04-22 10:07:39,wendolin62@example.net,1780,2
2025-04-22 10:07:39,wendolin62@example.net,1780,1
2025-05-25 16:31:34,grijalvajaqueline@example.net,1780,11
2025-05-25 16:31:34,grijalvajaqueline@example.net,1780,8
2025-05-25 16:31:34,grijalvajaqueline@example.net,1780,12
2025-05-01 17:18:31,sessa67@example.com,1780,1
2025-05-01 17:18:31,sessa67@example.com,1780,11
2025-05-01 17:18:31,sessa67@example.com,1780,8
2025-05-20 10:35:51,sessa45@example.org,1780,9
2025-05-20 10:35:51,sessa45@example.org,1780,1
2025-05-20 10:35:51,sessa45@example.org,1780,2
2025-01-01 10:08:39,pilarlovato@example.net,1780,10
2025-01-01 10:08:39,pilarlovato@example.net,1780,1
2025-01-01 10:08:39,pilarlovato@example.net,1780,8
2025-01-28 01:49:06,guillermocoronado@example.com,1780,2
2025-01-28 01:49:06,guillermocoronado@example.com,1780,9
2025-01-28 01:49:06,guillermocoronado@example.com,1780,3
2025-04-05 12:35:27,karinapina@example.net,1780,10
2025-04-05 12:35:27,karinapina@example.net,1780,6
2025-04-05 12:35:27,karinapina@example.net,1780,3
2025-02-07 00:35:41,wacuna@example.org,1780,2
2025-02-07 00:35:41,wacuna@example.org,1780,1
2025-02-07 00:35:41,wacuna@example.org,1780,4
2025-02-02 13:48:33,rafael53@example.com,1780,7
2025-02-02 13:48:33,rafael53@example.com,1780,2
2025-02-02 13:48:33,rafael53@example.com,1780,8
