usuarios_usr_correo,tematicas_tm_nombre
modesto43@example.org,Arte Alternativo
modesto43@example.org,Arqueología
modesto43@example.org,Historia
teresa91@example.org,Historia
teresa91@example.org,Antropología
teresa91@example.org,Otro
aracelide-leon@example.org,Antropología
aracelide-leon@example.org,Ciencia y Tecnología
aracelide-leon@example.org,Arqueología
oscarbetancourt@example.com,Otro
oscarbetancourt@example.com,Ciencia y Tecnología
oscarbetancourt@example.com,Arte
normavillareal@example.net,Especializado
normavillareal@example.net,Arte
normavillareal@example.net,Arqueología
roybalestela@example.net,Arqueología
roybalestela@example.net,Arte Alternativo
roybalestela@example.net,Antropología
ysamaniego@example.org,Ciencia y Tecnología
ysamaniego@example.org,Historia
ysamaniego@example.org,Antropología
adelaroybal@example.com,Historia
adelaroybal@example.com,Antropología
adelaroybal@example.com,Ciencia y Tecnología
gmadera@example.org,Arte Alternativo
gmadera@example.org,Especializado
gmadera@example.org,Antropología
irosas@example.com,Arqueología
irosas@example.com,Historia
irosas@example.com,Otro
esther14@example.com,Otro
esther14@example.com,Especializado
esther14@example.com,Arte
paola60@example.org,Arte Alternativo
paola60@example.org,Especializado
paola60@example.org,Arte
lorenzopuente@example.org,Arte Alternativo
lorenzopuente@example.org,Arqueología
lorenzopuente@example.org,Otro
ccandelaria@example.org,Arte Alternativo
ccandelaria@example.org,Especializado
ccandelaria@example.org,Arte
ecalderon@example.net,Especializado
ecalderon@example.net,Arte Alternativo
ecalderon@example.net,Arte
qapodaca@example.org,Especializado
qapodaca@example.org,Arqueología
qapodaca@example.org,Otro
valejandro@example.org,Arte
valejandro@example.org,Otro
valejandro@example.org,Arqueología
esteban04@example.net,Historia
esteban04@example.net,Ciencia y Tecnología
esteban04@example.net,Arte Alternativo
granadoesparta@example.net,Otro
granadoesparta@example.net,Antropología
granadoesparta@example.net,Historia
del-rioabigail@example.org,Historia
del-rioabigail@example.org,Ciencia y Tecnología
del-rioabigail@example.org,Antropología
jgalarza@example.net,Otro
jgalarza@example.net,Ciencia y Tecnología
jgalarza@example.net,Arte
qcolunga@example.com,Ciencia y Tecnología
qcolunga@example.com,Historia
qcolunga@example.com,Especializado
joaquinleon@example.net,Historia
joaquinleon@example.net,Arqueología
joaquinleon@example.net,Arte Alternativo
olivia36@example.org,Arte
olivia36@example.org,Ciencia y Tecnología
olivia36@example.org,Antropología
eloy78@example.net,Arte Alternativo
eloy78@example.net,Arqueología
eloy78@example.net,Arte
ivancasanova@example.com,Antropología
ivancasanova@example.com,Ciencia y Tecnología
ivancasanova@example.com,Arte
anel09@example.com,Especializado
anel09@example.com,Historia
anel09@example.com,Arte
caballerojulio@example.com,Arqueología
caballerojulio@example.com,Antropología
caballerojulio@example.com,Especializado
rufinodelgadillo@example.com,Arte
rufinodelgadillo@example.com,Arqueología
rufinodelgadillo@example.com,Especializado
dulce55@example.com,Historia
dulce55@example.com,Arqueología
dulce55@example.com,Ciencia y Tecnología
iglesiashoracio@example.net,Especializado
iglesiashoracio@example.net,Arte Alternativo
iglesiashoracio@example.net,Ciencia y Tecnología
acordero@example.com,Arte Alternativo
acordero@example.com,Antropología
acordero@example.com,Arte
sonia28@example.com,Arte Alternativo
sonia28@example.com,Antropología
sonia28@example.com,Historia
fidel14@example.com,Antropología
fidel14@example.com,Historia
fidel14@example.com,Arte
rubyesparza@example.com,Ciencia y Tecnología
rubyesparza@example.com,Especializado
rubyesparza@example.com,Arte Alternativo
javier96@example.org,Otro
javier96@example.org,Arqueología
javier96@example.org,Arte Alternativo
dgarza@example.com,Arqueología
dgarza@example.com,Especializado
dgarza@example.com,Arte Alternativo
saldanasoledad@example.com,Otro
saldanasoledad@example.com,Historia
saldanasoledad@example.com,Especializado
gracielacordova@example.net,Historia
gracielacordova@example.net,Especializado
gracielacordova@example.net,Arte
ytorres@example.com,Arte Alternativo
ytorres@example.com,Ciencia y Tecnología
ytorres@example.com,Otro
rodolfo57@example.org,Ciencia y Tecnología
rodolfo57@example.org,Arte Alternativo
rodolfo57@example.org,Arqueología
avilaenrique@example.net,Arqueología
avilaenrique@example.net,Antropología
avilaenrique@example.net,Especializado
genaro38@example.org,Arte Alternativo
genaro38@example.org,Arqueología
genaro38@example.org,Otro
camilonava@example.com,Historia
camilonava@example.com,Antropología
camilonava@example.com,Arqueología
maria-josepuga@example.com,Ciencia y Tecnología
maria-josepuga@example.com,Historia
maria-josepuga@example.com,Arte Alternativo
pcarvajal@example.net,Otro
pcarvajal@example.net,Arqueología
pcarvajal@example.net,Historia
leonardochavarria@example.org,Antropología
leonardochavarria@example.org,Especializado
leonardochavarria@example.org,Arte
jose-emilio94@example.org,Otro
jose-emilio94@example.org,Ciencia y Tecnología
jose-emilio94@example.org,Historia
gsolorio@example.net,Arqueología
gsolorio@example.net,Historia
gsolorio@example.net,Otro
madridserafin@example.net,Historia
madridserafin@example.net,Antropología
madridserafin@example.net,Ciencia y Tecnología
vmelgar@example.org,Arqueología
vmelgar@example.org,Arte Alternativo
vmelgar@example.org,Especializado
ramosdaniela@example.org,Arte Alternativo
ramosdaniela@example.org,Especializado
ramosdaniela@example.org,Historia
rosarioulloa@example.org,Historia
rosarioulloa@example.org,Arqueología
rosarioulloa@example.org,Especializado
luis-manuelpatino@example.net,Arqueología
luis-manuelpatino@example.net,Antropología
luis-manuelpatino@example.net,Arte Alternativo
juan-carlos74@example.com,Arte Alternativo
juan-carlos74@example.com,Ciencia y Tecnología
juan-carlos74@example.com,Arte
lilia68@example.org,Arte Alternativo
lilia68@example.org,Arte
lilia68@example.org,Historia
xmeraz@example.net,Ciencia y Tecnología
xmeraz@example.net,Otro
xmeraz@example.net,Especializado
yzamora@example.org,Ciencia y Tecnología
yzamora@example.org,Especializado
yzamora@example.org,Antropología
pinedaaldo@example.com,Arqueología
pinedaaldo@example.com,Especializado
pinedaaldo@example.com,Ciencia y Tecnología
gbriseno@example.net,Arte Alternativo
gbriseno@example.net,Especializado
gbriseno@example.net,Arte
ttoro@example.com,Otro
ttoro@example.com,Arte
ttoro@example.com,Antropología
carrillodaniel@example.net,Antropología
carrillodaniel@example.net,Otro
carrillodaniel@example.net,Arte
frida66@example.net,Otro
frida66@example.net,Ciencia y Tecnología
frida66@example.net,Especializado
leonor86@example.com,Arqueología
leonor86@example.com,Especializado
leonor86@example.com,Otro
villegasvictor@example.org,Arte
villegasvictor@example.org,Arte Alternativo
villegasvictor@example.org,Arqueología
armando38@example.net,Antropología
armando38@example.net,Arte
armando38@example.net,Arqueología
omar70@example.com,Historia
omar70@example.com,Ciencia y Tecnología
omar70@example.com,Especializado
aangulo@example.com,Arte
aangulo@example.com,Arte Alternativo
aangulo@example.com,Antropología
mgastelum@example.net,Arte Alternativo
mgastelum@example.net,Arte
mgastelum@example.net,Arqueología
lalonso@example.com,Otro
lalonso@example.com,Arqueología
lalonso@example.com,Historia
holguinasuncion@example.com,Arte Alternativo
holguinasuncion@example.com,Arqueología
holguinasuncion@example.com,Antropología
raquel03@example.org,Ciencia y Tecnología
raquel03@example.org,Historia
raquel03@example.org,Antropología
rodolfo82@example.org,Historia
rodolfo82@example.org,Especializado
rodolfo82@example.org,Ciencia y Tecnología
mariano37@example.com,Ciencia y Tecnología
mariano37@example.com,Arqueología
mariano37@example.com,Otro
cesarbatista@example.net,Historia
cesarbatista@example.net,Arte
cesarbatista@example.net,Especializado
vergaraadalberto@example.org,Arqueología
vergaraadalberto@example.org,Arte Alternativo
vergaraadalberto@example.org,Ciencia y Tecnología
tsosa@example.net,Historia
tsosa@example.net,Antropología
tsosa@example.net,Ciencia y Tecnología
centenodiego@example.net,Historia
centenodiego@example.net,Antropología
centenodiego@example.net,Especializado
emilia50@example.net,Ciencia y Tecnología
emilia50@example.net,Otro
emilia50@example.net,Arte
mamador@example.com,Ciencia y Tecnología
mamador@example.com,Otro
mamador@example.com,Arqueología
tomas41@example.net,Arte
tomas41@example.net,Ciencia y Tecnología
tomas41@example.net,Historia
luis-manuel57@example.com,Antropología
luis-manuel57@example.com,Arte
luis-manuel57@example.com,Historia
karinaquesada@example.org,Especializado
karinaquesada@example.org,Arte Alternativo
karinaquesada@example.org,Historia
luis-miguel95@example.org,Otro
luis-miguel95@example.org,Historia
luis-miguel95@example.org,Especializado
menapilar@example.net,Especializado
menapilar@example.net,Antropología
menapilar@example.net,Arqueología
rebeca85@example.org,Arte
rebeca85@example.org,Antropología
rebeca85@example.org,Historia
itzelcepeda@example.net,Arqueología
itzelcepeda@example.net,Arte Alternativo
itzelcepeda@example.net,Historia
wjurado@example.com,Historia
wjurado@example.com,Arqueología
wjurado@example.com,Otro
oalmonte@example.org,Arte Alternativo
oalmonte@example.org,Arqueología
oalmonte@example.org,Especializado
pchavarria@example.com,Arte Alternativo
pchavarria@example.com,Historia
pchavarria@example.com,Antropología
tvillagomez@example.net,Especializado
tvillagomez@example.net,Historia
tvillagomez@example.net,Arte Alternativo
helenaestrada@example.com,Otro
helenaestrada@example.com,Arqueología
helenaestrada@example.com,Especializado
delia78@example.com,Arte Alternativo
delia78@example.com,Historia
delia78@example.com,Especializado
isabelrosales@example.com,Arte Alternativo
isabelrosales@example.com,Arte
isabelrosales@example.com,Otro
ffonseca@example.net,Ciencia y Tecnología
ffonseca@example.net,Arte
ffonseca@example.net,Historia
raulrosas@example.org,Arte
raulrosas@example.org,Arqueología
raulrosas@example.org,Arte Alternativo
psaldivar@example.com,Historia
psaldivar@example.com,Arte Alternativo
psaldivar@example.com,Arte
jose-mariacollado@example.net,Antropología
jose-mariacollado@example.net,Arqueología
jose-mariacollado@example.net,Arte Alternativo
regaladomaximiliano@example.com,Historia
regaladomaximiliano@example.com,Arte Alternativo
regaladomaximiliano@example.com,Antropología
luisaalcantar@example.com,Historia
luisaalcantar@example.com,Ciencia y Tecnología
luisaalcantar@example.com,Especializado
