vi_fechahora,vi_usr_correo,vi_mus_id
2025-03-15 21:07:39,narguello@example.com,673
2025-05-14 14:40:29,hermelindavillegas@example.net,673
2025-05-21 15:07:58,iarchuleta@example.com,673
2025-03-09 21:12:09,soriafederico@example.net,673
2025-04-12 00:55:22,andreacarrero@example.net,673
2025-03-22 10:34:29,pilar78@example.net,673
2025-02-11 07:19:30,dmontenegro@example.net,673
2025-02-14 20:34:03,agaona@example.com,673
2025-04-12 02:59:03,cristinahernandes@example.net,673
2025-02-25 19:03:05,thidalgo@example.com,673
2025-01-03 06:12:02,gilbertonieto@example.com,673
2025-01-06 04:38:56,arevalojulia@example.net,673
2025-02-16 03:45:28,huertanatividad@example.com,673
2025-05-11 03:20:45,barriosgabriela@example.net,673
2025-03-07 03:23:52,rubenvera@example.com,673
2025-03-06 00:52:13,vquintanilla@example.com,673
2025-01-04 01:19:13,montalvoroberto@example.org,673
2025-01-20 18:51:26,luis08@example.net,673
2025-01-28 07:13:17,qsaenz@example.com,673
2025-04-28 10:23:09,ana-mariavalencia@example.com,673
2025-04-11 07:26:39,narguello@example.com,439
2025-04-12 07:43:13,hermelindavillegas@example.net,439
2025-01-25 01:29:06,iarchuleta@example.com,439
2025-02-17 20:19:17,soriafederico@example.net,439
2025-05-25 03:49:43,andreacarrero@example.net,439
2025-01-15 04:42:58,pilar78@example.net,439
2025-01-29 13:42:33,dmontenegro@example.net,439
2025-03-03 06:08:24,agaona@example.com,439
2025-04-10 05:17:47,cristinahernandes@example.net,439
2025-01-23 14:08:58,thidalgo@example.com,439
2025-05-20 11:08:16,gilbertonieto@example.com,439
2025-05-13 17:35:44,arevalojulia@example.net,439
2025-04-03 11:44:22,huertanatividad@example.com,439
2025-05-06 01:25:54,barriosgabriela@example.net,439
2025-04-24 04:23:43,rubenvera@example.com,439
2025-02-11 21:51:30,vquintanilla@example.com,439
2025-04-22 18:59:59,montalvoroberto@example.org,439
2025-05-03 09:35:01,luis08@example.net,439
2025-05-24 04:12:03,qsaenz@example.com,439
2025-05-29 18:41:38,ana-mariavalencia@example.com,439
2025-05-28 19:39:13,narguello@example.com,238
2025-05-02 15:03:10,hermelindavillegas@example.net,238
2025-03-02 19:35:52,iarchuleta@example.com,238
2025-04-05 05:43:22,soriafederico@example.net,238
2025-02-11 09:02:34,andreacarrero@example.net,238
2025-05-07 10:03:20,pilar78@example.net,238
2025-05-10 21:30:26,dmontenegro@example.net,238
2025-03-31 12:18:44,agaona@example.com,238
2025-03-19 12:40:18,cristinahernandes@example.net,238
2025-04-17 13:01:53,thidalgo@example.com,238
2025-03-22 13:43:59,gilbertonieto@example.com,238
2025-02-06 22:07:49,arevalojulia@example.net,238
2025-05-31 12:58:51,huertanatividad@example.com,238
2025-03-25 21:13:40,barriosgabriela@example.net,238
2025-03-25 19:07:33,rubenvera@example.com,238
2025-02-05 19:29:43,vquintanilla@example.com,238
2025-02-24 09:59:34,montalvoroberto@example.org,238
2025-01-20 06:45:57,luis08@example.net,238
2025-04-24 01:20:00,qsaenz@example.com,238
2025-05-03 03:14:36,ana-mariavalencia@example.com,238
2025-02-15 14:49:11,narguello@example.com,710
2025-04-02 00:53:02,hermelindavillegas@example.net,710
2025-05-01 10:00:03,iarchuleta@example.com,710
2025-05-16 12:30:02,soriafederico@example.net,710
2025-02-01 08:44:20,andreacarrero@example.net,710
2025-04-10 22:22:20,pilar78@example.net,710
2025-02-11 09:18:47,dmontenegro@example.net,710
2025-05-11 23:05:26,agaona@example.com,710
2025-01-27 19:39:51,cristinahernandes@example.net,710
2025-03-16 17:06:41,thidalgo@example.com,710
2025-02-21 12:36:35,gilbertonieto@example.com,710
2025-03-13 00:34:17,arevalojulia@example.net,710
2025-05-07 12:09:00,huertanatividad@example.com,710
2025-01-03 11:27:39,barriosgabriela@example.net,710
2025-05-02 14:29:10,rubenvera@example.com,710
2025-05-02 22:38:22,vquintanilla@example.com,710
2025-04-30 20:59:39,montalvoroberto@example.org,710
2025-02-10 06:52:19,luis08@example.net,710
2025-01-05 16:57:37,qsaenz@example.com,710
2025-05-20 04:54:51,ana-mariavalencia@example.com,710
2025-01-09 21:53:20,narguello@example.com,2173
2025-03-29 17:02:51,hermelindavillegas@example.net,2173
2025-05-17 04:30:16,iarchuleta@example.com,2173
2025-03-30 23:57:03,soriafederico@example.net,2173
2025-03-26 20:30:42,andreacarrero@example.net,2173
2025-01-06 18:27:19,pilar78@example.net,2173
2025-05-30 03:43:43,dmontenegro@example.net,2173
2025-04-28 15:06:18,agaona@example.com,2173
2025-01-09 02:24:08,cristinahernandes@example.net,2173
2025-02-21 19:35:10,thidalgo@example.com,2173
2025-02-16 15:09:01,gilbertonieto@example.com,2173
2025-05-04 13:44:22,arevalojulia@example.net,2173
2025-01-17 15:16:27,huertanatividad@example.com,2173
2025-05-06 14:13:38,barriosgabriela@example.net,2173
2025-05-10 02:02:42,rubenvera@example.com,2173
2025-02-14 03:13:49,vquintanilla@example.com,2173
2025-03-31 10:10:14,montalvoroberto@example.org,2173
2025-04-29 09:53:38,luis08@example.net,2173
2025-04-24 06:18:50,qsaenz@example.com,2173
2025-05-27 08:30:16,ana-mariavalencia@example.com,2173
2025-05-30 16:13:20,narguello@example.com,1114
2025-03-19 04:19:37,hermelindavillegas@example.net,1114
2025-05-05 13:29:42,iarchuleta@example.com,1114
2025-01-04 15:58:42,soriafederico@example.net,1114
2025-04-10 10:14:30,andreacarrero@example.net,1114
2025-01-08 12:19:20,pilar78@example.net,1114
2025-04-11 03:11:06,dmontenegro@example.net,1114
2025-01-26 17:31:29,agaona@example.com,1114
2025-03-06 12:21:05,cristinahernandes@example.net,1114
2025-01-09 02:57:43,thidalgo@example.com,1114
2025-05-19 17:35:33,gilbertonieto@example.com,1114
2025-05-11 12:29:23,arevalojulia@example.net,1114
2025-01-31 12:25:11,huertanatividad@example.com,1114
2025-04-29 01:26:57,barriosgabriela@example.net,1114
2025-04-23 06:59:24,rubenvera@example.com,1114
2025-04-30 11:48:13,vquintanilla@example.com,1114
2025-04-01 16:04:01,montalvoroberto@example.org,1114
2025-05-30 08:19:16,luis08@example.net,1114
2025-02-21 06:07:27,qsaenz@example.com,1114
2025-05-11 23:53:20,ana-mariavalencia@example.com,1114
2025-05-29 11:52:35,narguello@example.com,1092
2025-05-11 05:24:09,hermelindavillegas@example.net,1092
2025-04-14 01:59:11,iarchuleta@example.com,1092
2025-05-10 04:25:22,soriafederico@example.net,1092
2025-02-13 12:07:26,andreacarrero@example.net,1092
2025-01-04 08:55:39,pilar78@example.net,1092
2025-03-20 13:23:51,dmontenegro@example.net,1092
2025-05-23 20:22:54,agaona@example.com,1092
2025-01-28 19:27:24,cristinahernandes@example.net,1092
2025-03-13 12:52:02,thidalgo@example.com,1092
2025-05-30 23:35:29,gilbertonieto@example.com,1092
2025-05-01 13:55:03,arevalojulia@example.net,1092
2025-03-26 03:55:28,huertanatividad@example.com,1092
2025-05-12 15:11:47,barriosgabriela@example.net,1092
2025-05-24 01:07:12,rubenvera@example.com,1092
2025-01-24 10:22:03,vquintanilla@example.com,1092
2025-02-21 02:37:47,montalvoroberto@example.org,1092
2025-02-18 09:47:45,luis08@example.net,1092
2025-01-23 20:43:17,qsaenz@example.com,1092
2025-04-13 15:04:12,ana-mariavalencia@example.com,1092
2025-04-19 12:29:34,narguello@example.com,1550
2025-03-09 12:01:51,hermelindavillegas@example.net,1550
2025-01-24 01:07:59,iarchuleta@example.com,1550
2025-02-17 23:30:04,soriafederico@example.net,1550
2025-03-31 18:16:49,andreacarrero@example.net,1550
2025-01-28 15:15:26,pilar78@example.net,1550
2025-04-16 04:48:23,dmontenegro@example.net,1550
2025-03-19 05:22:22,agaona@example.com,1550
2025-04-30 02:19:56,cristinahernandes@example.net,1550
2025-04-26 01:31:46,thidalgo@example.com,1550
2025-02-26 16:03:22,gilbertonieto@example.com,1550
2025-01-01 12:23:10,arevalojulia@example.net,1550
2025-04-02 12:23:30,huertanatividad@example.com,1550
2025-01-29 16:57:51,barriosgabriela@example.net,1550
2025-02-06 12:08:11,rubenvera@example.com,1550
2025-04-29 00:58:52,vquintanilla@example.com,1550
2025-05-23 09:24:58,montalvoroberto@example.org,1550
2025-02-21 13:36:30,luis08@example.net,1550
2025-03-15 07:33:10,qsaenz@example.com,1550
2025-05-10 12:57:37,ana-mariavalencia@example.com,1550
2025-02-20 15:23:56,narguello@example.com,768
2025-03-29 06:28:01,hermelindavillegas@example.net,768
2025-03-10 23:49:07,iarchuleta@example.com,768
2025-05-13 10:36:05,soriafederico@example.net,768
2025-05-14 05:46:13,andreacarrero@example.net,768
2025-05-11 07:51:28,pilar78@example.net,768
2025-04-05 10:09:04,dmontenegro@example.net,768
2025-01-16 15:06:46,agaona@example.com,768
2025-01-07 06:57:39,cristinahernandes@example.net,768
2025-03-15 14:06:17,thidalgo@example.com,768
2025-03-23 10:26:02,gilbertonieto@example.com,768
2025-05-13 05:47:06,arevalojulia@example.net,768
2025-01-04 06:45:36,huertanatividad@example.com,768
2025-01-30 20:17:25,barriosgabriela@example.net,768
2025-01-22 15:34:35,rubenvera@example.com,768
2025-05-19 01:24:01,vquintanilla@example.com,768
2025-02-01 00:34:58,montalvoroberto@example.org,768
2025-04-25 15:07:10,luis08@example.net,768
2025-05-29 06:07:19,qsaenz@example.com,768
2025-04-02 16:53:26,ana-mariavalencia@example.com,768
2025-03-08 09:33:24,narguello@example.com,1519
2025-05-05 06:31:14,hermelindavillegas@example.net,1519
2025-02-25 10:36:06,iarchuleta@example.com,1519
2025-04-26 20:39:35,soriafederico@example.net,1519
2025-02-24 17:11:07,andreacarrero@example.net,1519
2025-04-19 04:46:39,pilar78@example.net,1519
2025-03-22 11:33:35,dmontenegro@example.net,1519
2025-03-24 06:06:02,agaona@example.com,1519
2025-03-31 10:06:33,cristinahernandes@example.net,1519
2025-01-31 23:51:46,thidalgo@example.com,1519
2025-03-08 01:17:27,gilbertonieto@example.com,1519
2025-01-03 18:17:58,arevalojulia@example.net,1519
2025-03-16 05:21:44,huertanatividad@example.com,1519
2025-04-24 12:34:43,barriosgabriela@example.net,1519
2025-02-01 09:00:23,rubenvera@example.com,1519
2025-05-20 05:50:04,vquintanilla@example.com,1519
2025-02-09 08:15:57,montalvoroberto@example.org,1519
2025-04-10 10:10:59,luis08@example.net,1519
2025-02-18 05:34:54,qsaenz@example.com,1519
2025-04-15 21:07:09,ana-mariavalencia@example.com,1519
2025-02-26 11:23:31,narguello@example.com,403
2025-05-20 10:15:21,hermelindavillegas@example.net,403
2025-04-05 17:39:18,iarchuleta@example.com,403
2025-04-04 22:43:13,soriafederico@example.net,403
2025-01-24 17:19:51,andreacarrero@example.net,403
2025-04-03 01:18:08,pilar78@example.net,403
2025-05-21 07:14:22,dmontenegro@example.net,403
2025-01-26 16:57:27,agaona@example.com,403
2025-01-01 18:46:35,cristinahernandes@example.net,403
2025-04-12 18:21:43,thidalgo@example.com,403
2025-03-31 14:28:57,gilbertonieto@example.com,403
2025-05-18 06:49:49,arevalojulia@example.net,403
2025-02-28 12:19:56,huertanatividad@example.com,403
2025-02-02 23:03:27,barriosgabriela@example.net,403
2025-03-24 00:15:55,rubenvera@example.com,403
2025-04-15 05:34:08,vquintanilla@example.com,403
2025-04-16 18:12:46,montalvoroberto@example.org,403
2025-03-31 16:34:12,luis08@example.net,403
2025-01-26 01:23:46,qsaenz@example.com,403
2025-02-14 10:08:00,ana-mariavalencia@example.com,403
2025-03-22 02:59:01,narguello@example.com,503
2025-02-04 00:59:18,hermelindavillegas@example.net,503
2025-03-04 12:53:05,iarchuleta@example.com,503
2025-01-03 06:57:05,soriafederico@example.net,503
2025-04-12 13:01:19,andreacarrero@example.net,503
2025-01-18 10:40:05,pilar78@example.net,503
2025-02-18 04:07:02,dmontenegro@example.net,503
2025-02-25 00:24:09,agaona@example.com,503
2025-03-15 00:50:15,cristinahernandes@example.net,503
2025-05-15 16:59:43,thidalgo@example.com,503
2025-02-15 16:06:10,gilbertonieto@example.com,503
2025-05-27 08:03:07,arevalojulia@example.net,503
2025-02-24 15:42:27,huertanatividad@example.com,503
2025-02-14 03:00:03,barriosgabriela@example.net,503
2025-03-18 09:37:08,rubenvera@example.com,503
2025-01-26 11:32:47,vquintanilla@example.com,503
2025-05-06 10:53:40,montalvoroberto@example.org,503
2025-03-18 02:40:40,luis08@example.net,503
2025-02-16 02:44:10,qsaenz@example.com,503
2025-01-10 02:29:39,ana-mariavalencia@example.com,503
2025-05-21 09:21:02,narguello@example.com,854
2025-03-15 02:48:38,hermelindavillegas@example.net,854
2025-04-24 03:44:12,iarchuleta@example.com,854
2025-01-19 15:42:51,soriafederico@example.net,854
2025-05-07 15:37:43,andreacarrero@example.net,854
2025-04-02 17:37:21,pilar78@example.net,854
2025-02-27 16:05:41,dmontenegro@example.net,854
2025-02-08 14:00:54,agaona@example.com,854
2025-04-08 22:17:18,cristinahernandes@example.net,854
2025-04-21 20:18:53,thidalgo@example.com,854
2025-04-27 12:29:05,gilbertonieto@example.com,854
2025-03-20 13:14:38,arevalojulia@example.net,854
2025-02-16 18:06:09,huertanatividad@example.com,854
2025-02-21 04:32:41,barriosgabriela@example.net,854
2025-02-01 04:10:51,rubenvera@example.com,854
2025-01-17 15:38:24,vquintanilla@example.com,854
2025-03-14 06:32:35,montalvoroberto@example.org,854
2025-05-03 05:09:02,luis08@example.net,854
2025-04-10 07:05:13,qsaenz@example.com,854
2025-04-30 11:00:34,ana-mariavalencia@example.com,854
2025-05-16 08:42:54,narguello@example.com,2008
2025-01-04 14:18:36,hermelindavillegas@example.net,2008
2025-02-26 02:16:38,iarchuleta@example.com,2008
2025-04-03 13:44:27,soriafederico@example.net,2008
2025-04-08 16:41:51,andreacarrero@example.net,2008
2025-04-25 14:19:17,pilar78@example.net,2008
2025-03-06 05:09:43,dmontenegro@example.net,2008
2025-03-11 14:51:27,agaona@example.com,2008
2025-03-26 08:08:01,cristinahernandes@example.net,2008
2025-02-08 22:29:34,thidalgo@example.com,2008
2025-05-10 09:12:48,gilbertonieto@example.com,2008
2025-04-20 08:52:30,arevalojulia@example.net,2008
2025-05-11 04:31:02,huertanatividad@example.com,2008
2025-02-24 11:02:52,barriosgabriela@example.net,2008
2025-04-28 10:58:42,rubenvera@example.com,2008
2025-01-06 04:57:53,vquintanilla@example.com,2008
2025-02-09 04:31:40,montalvoroberto@example.org,2008
2025-04-21 10:40:39,luis08@example.net,2008
2025-02-01 18:27:54,qsaenz@example.com,2008
2025-05-18 18:59:32,ana-mariavalencia@example.com,2008
2025-01-24 07:09:11,narguello@example.com,15
2025-03-21 16:25:43,hermelindavillegas@example.net,15
2025-04-02 22:44:20,iarchuleta@example.com,15
2025-04-26 23:26:21,soriafederico@example.net,15
2025-01-12 19:22:11,andreacarrero@example.net,15
2025-05-26 01:57:34,pilar78@example.net,15
2025-05-28 09:55:04,dmontenegro@example.net,15
2025-04-26 21:25:22,agaona@example.com,15
2025-04-20 08:55:59,cristinahernandes@example.net,15
2025-03-14 20:30:44,thidalgo@example.com,15
2025-03-29 13:33:31,gilbertonieto@example.com,15
2025-02-13 03:16:32,arevalojulia@example.net,15
2025-01-22 06:07:49,huertanatividad@example.com,15
2025-01-25 01:11:49,barriosgabriela@example.net,15
2025-04-25 19:41:24,rubenvera@example.com,15
2025-02-21 18:52:47,vquintanilla@example.com,15
2025-03-09 22:16:42,montalvoroberto@example.org,15
2025-04-07 22:33:50,luis08@example.net,15
2025-05-10 20:46:16,qsaenz@example.com,15
2025-03-18 15:21:44,ana-mariavalencia@example.com,15
2025-04-03 19:10:18,narguello@example.com,462
2025-04-28 12:46:31,hermelindavillegas@example.net,462
2025-04-16 00:53:20,iarchuleta@example.com,462
2025-02-26 23:35:26,soriafederico@example.net,462
2025-05-05 10:08:03,andreacarrero@example.net,462
2025-03-31 16:30:25,pilar78@example.net,462
2025-01-06 04:04:50,dmontenegro@example.net,462
2025-01-09 23:31:46,agaona@example.com,462
2025-02-24 18:07:40,cristinahernandes@example.net,462
2025-05-15 09:27:20,thidalgo@example.com,462
2025-04-25 06:11:25,gilbertonieto@example.com,462
2025-02-24 04:12:25,arevalojulia@example.net,462
2025-05-10 12:13:57,huertanatividad@example.com,462
2025-01-29 21:24:31,barriosgabriela@example.net,462
2025-04-06 00:57:01,rubenvera@example.com,462
2025-01-14 13:51:39,vquintanilla@example.com,462
2025-01-03 23:28:58,montalvoroberto@example.org,462
2025-02-13 11:47:10,luis08@example.net,462
2025-05-12 20:35:36,qsaenz@example.com,462
2025-01-10 05:17:09,ana-mariavalencia@example.com,462
2025-01-22 01:55:13,narguello@example.com,969
2025-05-07 03:53:44,hermelindavillegas@example.net,969
2025-04-16 08:53:33,iarchuleta@example.com,969
2025-01-23 21:34:01,soriafederico@example.net,969
2025-01-24 11:00:52,andreacarrero@example.net,969
2025-01-18 05:56:09,pilar78@example.net,969
2025-01-27 10:28:44,dmontenegro@example.net,969
2025-03-13 21:51:27,agaona@example.com,969
2025-03-26 10:22:46,cristinahernandes@example.net,969
2025-01-13 05:54:23,thidalgo@example.com,969
2025-04-01 12:53:46,gilbertonieto@example.com,969
2025-01-12 14:07:55,arevalojulia@example.net,969
2025-04-06 14:42:53,huertanatividad@example.com,969
2025-02-06 04:11:10,barriosgabriela@example.net,969
2025-05-19 10:07:08,rubenvera@example.com,969
2025-01-11 11:05:11,vquintanilla@example.com,969
2025-03-13 04:24:32,montalvoroberto@example.org,969
2025-04-11 20:18:52,luis08@example.net,969
2025-04-12 20:01:30,qsaenz@example.com,969
2025-03-08 19:17:43,ana-mariavalencia@example.com,969
2025-01-28 04:01:30,narguello@example.com,2156
2025-05-12 11:56:54,hermelindavillegas@example.net,2156
2025-05-28 00:48:17,iarchuleta@example.com,2156
2025-01-25 12:49:41,soriafederico@example.net,2156
2025-03-09 07:10:24,andreacarrero@example.net,2156
2025-03-25 12:43:05,pilar78@example.net,2156
2025-01-04 18:51:31,dmontenegro@example.net,2156
2025-02-09 21:52:42,agaona@example.com,2156
2025-04-09 16:25:11,cristinahernandes@example.net,2156
2025-03-08 10:20:06,thidalgo@example.com,2156
2025-02-13 06:20:13,gilbertonieto@example.com,2156
2025-01-25 08:35:57,arevalojulia@example.net,2156
2025-01-26 04:18:13,huertanatividad@example.com,2156
2025-02-14 02:16:55,barriosgabriela@example.net,2156
2025-05-28 08:24:11,rubenvera@example.com,2156
2025-03-30 11:59:03,vquintanilla@example.com,2156
2025-05-29 14:36:12,montalvoroberto@example.org,2156
2025-02-22 19:19:21,luis08@example.net,2156
2025-05-15 18:31:16,qsaenz@example.com,2156
2025-03-27 12:31:56,ana-mariavalencia@example.com,2156
2025-02-14 02:37:42,narguello@example.com,1313
2025-01-04 14:04:47,hermelindavillegas@example.net,1313
2025-05-23 20:15:22,iarchuleta@example.com,1313
2025-01-12 15:05:51,soriafederico@example.net,1313
2025-05-11 09:16:41,andreacarrero@example.net,1313
2025-03-23 23:07:24,pilar78@example.net,1313
2025-04-01 16:21:47,dmontenegro@example.net,1313
2025-04-27 01:07:04,agaona@example.com,1313
2025-05-09 02:03:45,cristinahernandes@example.net,1313
2025-01-06 22:09:18,thidalgo@example.com,1313
2025-03-29 01:00:24,gilbertonieto@example.com,1313
2025-04-28 06:12:36,arevalojulia@example.net,1313
2025-01-18 05:12:12,huertanatividad@example.com,1313
2025-05-08 06:57:55,barriosgabriela@example.net,1313
2025-04-28 03:31:57,rubenvera@example.com,1313
2025-02-18 00:00:31,vquintanilla@example.com,1313
2025-03-23 11:19:37,montalvoroberto@example.org,1313
2025-02-06 19:33:40,luis08@example.net,1313
2025-01-01 16:10:29,qsaenz@example.com,1313
2025-05-14 01:38:27,ana-mariavalencia@example.com,1313
2025-01-05 02:13:08,narguello@example.com,1473
2025-02-02 09:18:30,hermelindavillegas@example.net,1473
2025-01-15 12:27:23,iarchuleta@example.com,1473
2025-05-20 13:14:40,soriafederico@example.net,1473
2025-01-18 00:17:14,andreacarrero@example.net,1473
2025-05-05 02:26:31,pilar78@example.net,1473
2025-05-25 19:35:53,dmontenegro@example.net,1473
2025-04-14 06:41:40,agaona@example.com,1473
2025-03-25 16:19:43,cristinahernandes@example.net,1473
2025-04-17 10:36:36,thidalgo@example.com,1473
2025-05-07 20:29:03,gilbertonieto@example.com,1473
2025-05-12 07:50:41,arevalojulia@example.net,1473
2025-04-21 00:17:32,huertanatividad@example.com,1473
2025-01-01 22:16:40,barriosgabriela@example.net,1473
2025-02-17 04:43:07,rubenvera@example.com,1473
2025-04-22 15:33:21,vquintanilla@example.com,1473
2025-05-27 08:19:27,montalvoroberto@example.org,1473
2025-03-24 21:40:37,luis08@example.net,1473
2025-02-19 06:52:39,qsaenz@example.com,1473
2025-04-23 23:31:02,ana-mariavalencia@example.com,1473
2025-04-21 13:22:58,narguello@example.com,1096
2025-01-20 05:19:06,hermelindavillegas@example.net,1096
2025-01-05 01:58:37,iarchuleta@example.com,1096
2025-04-11 09:05:14,soriafederico@example.net,1096
2025-03-30 17:18:20,andreacarrero@example.net,1096
2025-01-18 13:22:08,pilar78@example.net,1096
2025-03-15 14:51:45,dmontenegro@example.net,1096
2025-04-23 16:29:27,agaona@example.com,1096
2025-05-24 22:00:41,cristinahernandes@example.net,1096
2025-02-05 22:52:56,thidalgo@example.com,1096
2025-01-29 22:32:25,gilbertonieto@example.com,1096
2025-05-28 20:18:43,arevalojulia@example.net,1096
2025-02-25 10:25:09,huertanatividad@example.com,1096
2025-01-29 22:34:15,barriosgabriela@example.net,1096
2025-02-28 17:19:41,rubenvera@example.com,1096
2025-01-09 16:40:07,vquintanilla@example.com,1096
2025-05-19 23:02:58,montalvoroberto@example.org,1096
2025-03-10 17:40:39,luis08@example.net,1096
2025-02-25 06:17:01,qsaenz@example.com,1096
2025-01-08 16:44:36,ana-mariavalencia@example.com,1096
2025-04-08 18:03:18,narguello@example.com,1337
2025-02-04 17:26:12,hermelindavillegas@example.net,1337
2025-03-15 03:25:54,iarchuleta@example.com,1337
2025-05-01 10:04:44,soriafederico@example.net,1337
2025-01-05 02:16:03,andreacarrero@example.net,1337
2025-01-23 05:17:48,pilar78@example.net,1337
2025-04-07 08:51:57,dmontenegro@example.net,1337
2025-03-01 00:51:39,agaona@example.com,1337
2025-02-04 07:59:04,cristinahernandes@example.net,1337
2025-02-14 22:11:27,thidalgo@example.com,1337
2025-01-05 10:31:31,gilbertonieto@example.com,1337
2025-03-26 17:08:12,arevalojulia@example.net,1337
2025-02-11 03:10:15,huertanatividad@example.com,1337
2025-02-02 07:12:02,barriosgabriela@example.net,1337
2025-02-11 02:13:25,rubenvera@example.com,1337
2025-04-30 01:21:59,vquintanilla@example.com,1337
2025-01-31 14:12:37,montalvoroberto@example.org,1337
2025-05-09 16:28:58,luis08@example.net,1337
2025-04-16 07:29:50,qsaenz@example.com,1337
2025-01-10 02:41:41,ana-mariavalencia@example.com,1337
2025-05-18 22:05:54,narguello@example.com,1532
2025-01-05 19:51:02,hermelindavillegas@example.net,1532
2025-03-29 12:15:22,iarchuleta@example.com,1532
2025-02-15 23:52:38,soriafederico@example.net,1532
2025-05-15 22:50:08,andreacarrero@example.net,1532
2025-01-14 17:06:36,pilar78@example.net,1532
2025-02-15 19:47:50,dmontenegro@example.net,1532
2025-03-02 14:57:59,agaona@example.com,1532
2025-01-13 09:22:42,cristinahernandes@example.net,1532
2025-04-02 22:02:45,thidalgo@example.com,1532
2025-01-17 23:28:32,gilbertonieto@example.com,1532
2025-04-20 08:08:46,arevalojulia@example.net,1532
2025-01-05 08:21:08,huertanatividad@example.com,1532
2025-03-28 12:38:36,barriosgabriela@example.net,1532
2025-02-01 12:03:39,rubenvera@example.com,1532
2025-02-17 09:47:48,vquintanilla@example.com,1532
2025-01-02 06:55:42,montalvoroberto@example.org,1532
2025-05-29 03:09:02,luis08@example.net,1532
2025-05-15 16:08:52,qsaenz@example.com,1532
2025-03-21 03:52:28,ana-mariavalencia@example.com,1532
2025-01-25 21:13:16,narguello@example.com,689
2025-04-23 13:17:52,hermelindavillegas@example.net,689
2025-03-06 05:57:29,iarchuleta@example.com,689
2025-04-13 13:05:39,soriafederico@example.net,689
2025-03-31 23:23:51,andreacarrero@example.net,689
2025-04-13 01:35:23,pilar78@example.net,689
2025-02-11 03:58:59,dmontenegro@example.net,689
2025-04-05 20:33:44,agaona@example.com,689
2025-04-12 21:25:14,cristinahernandes@example.net,689
2025-05-11 07:25:38,thidalgo@example.com,689
2025-02-02 01:49:02,gilbertonieto@example.com,689
2025-02-09 22:13:49,arevalojulia@example.net,689
2025-02-06 18:43:26,huertanatividad@example.com,689
2025-01-29 01:16:40,barriosgabriela@example.net,689
2025-05-24 18:08:59,rubenvera@example.com,689
2025-04-04 16:15:06,vquintanilla@example.com,689
2025-04-17 04:19:44,montalvoroberto@example.org,689
2025-05-31 12:42:22,luis08@example.net,689
2025-01-02 18:04:32,qsaenz@example.com,689
2025-01-11 10:20:45,ana-mariavalencia@example.com,689
2025-05-17 14:58:01,narguello@example.com,2311
2025-05-13 03:39:13,hermelindavillegas@example.net,2311
2025-05-15 22:09:05,iarchuleta@example.com,2311
2025-04-16 17:21:56,soriafederico@example.net,2311
2025-01-13 12:27:47,andreacarrero@example.net,2311
2025-03-27 00:22:51,pilar78@example.net,2311
2025-01-20 07:25:28,dmontenegro@example.net,2311
2025-02-28 06:14:48,agaona@example.com,2311
2025-02-16 06:50:07,cristinahernandes@example.net,2311
2025-03-12 18:59:08,thidalgo@example.com,2311
2025-05-07 14:35:56,gilbertonieto@example.com,2311
2025-04-23 20:38:09,arevalojulia@example.net,2311
2025-04-30 08:10:26,huertanatividad@example.com,2311
2025-02-25 16:46:34,barriosgabriela@example.net,2311
2025-04-14 02:45:40,rubenvera@example.com,2311
2025-02-10 17:51:18,vquintanilla@example.com,2311
2025-01-30 07:59:53,montalvoroberto@example.org,2311
2025-05-21 15:35:10,luis08@example.net,2311
2025-03-08 09:13:44,qsaenz@example.com,2311
2025-03-31 00:01:44,ana-mariavalencia@example.com,2311
2025-04-27 23:50:07,narguello@example.com,2360
2025-05-23 04:08:41,hermelindavillegas@example.net,2360
2025-05-16 07:43:44,iarchuleta@example.com,2360
2025-02-28 02:12:37,soriafederico@example.net,2360
2025-05-12 05:40:05,andreacarrero@example.net,2360
2025-04-22 23:36:33,pilar78@example.net,2360
2025-04-06 00:06:42,dmontenegro@example.net,2360
2025-03-21 06:06:09,agaona@example.com,2360
2025-03-23 08:36:31,cristinahernandes@example.net,2360
2025-01-01 04:31:54,thidalgo@example.com,2360
2025-03-13 03:21:43,gilbertonieto@example.com,2360
2025-01-10 07:55:16,arevalojulia@example.net,2360
2025-04-05 13:31:58,huertanatividad@example.com,2360
2025-05-01 21:11:43,barriosgabriela@example.net,2360
2025-05-08 21:01:45,rubenvera@example.com,2360
2025-02-03 23:19:33,vquintanilla@example.com,2360
2025-04-27 22:34:07,montalvoroberto@example.org,2360
2025-02-09 06:06:31,luis08@example.net,2360
2025-05-04 22:20:51,qsaenz@example.com,2360
2025-03-09 18:34:00,ana-mariavalencia@example.com,2360
2025-02-12 07:20:54,narguello@example.com,1874
2025-05-02 19:25:25,hermelindavillegas@example.net,1874
2025-05-30 23:12:19,iarchuleta@example.com,1874
2025-04-29 10:40:37,soriafederico@example.net,1874
2025-01-19 10:04:55,andreacarrero@example.net,1874
2025-05-13 07:23:36,pilar78@example.net,1874
2025-02-12 19:01:53,dmontenegro@example.net,1874
2025-03-08 04:34:08,agaona@example.com,1874
2025-02-21 23:02:07,cristinahernandes@example.net,1874
2025-02-04 15:47:09,thidalgo@example.com,1874
2025-02-07 05:58:17,gilbertonieto@example.com,1874
2025-04-16 21:05:01,arevalojulia@example.net,1874
2025-02-21 04:52:33,huertanatividad@example.com,1874
2025-02-14 05:05:44,barriosgabriela@example.net,1874
2025-02-23 18:45:22,rubenvera@example.com,1874
2025-02-06 15:32:05,vquintanilla@example.com,1874
2025-01-17 14:46:34,montalvoroberto@example.org,1874
2025-03-14 21:05:55,luis08@example.net,1874
2025-02-28 20:00:40,qsaenz@example.com,1874
2025-02-25 00:52:17,ana-mariavalencia@example.com,1874
2025-05-08 08:53:36,narguello@example.com,2168
2025-02-17 05:44:58,hermelindavillegas@example.net,2168
2025-04-25 11:44:51,iarchuleta@example.com,2168
2025-01-13 21:14:35,soriafederico@example.net,2168
2025-01-01 16:46:47,andreacarrero@example.net,2168
2025-04-20 11:47:47,pilar78@example.net,2168
2025-02-14 16:05:23,dmontenegro@example.net,2168
2025-05-20 20:45:00,agaona@example.com,2168
2025-02-26 15:50:37,cristinahernandes@example.net,2168
2025-01-17 08:52:59,thidalgo@example.com,2168
2025-03-20 11:43:39,gilbertonieto@example.com,2168
2025-03-16 13:48:40,arevalojulia@example.net,2168
2025-01-28 16:47:00,huertanatividad@example.com,2168
2025-02-21 19:07:03,barriosgabriela@example.net,2168
2025-01-26 04:39:33,rubenvera@example.com,2168
2025-02-11 03:39:34,vquintanilla@example.com,2168
2025-04-27 09:31:01,montalvoroberto@example.org,2168
2025-04-25 04:47:07,luis08@example.net,2168
2025-02-28 06:58:32,qsaenz@example.com,2168
2025-05-02 06:26:16,ana-mariavalencia@example.com,2168
2025-04-17 12:09:29,narguello@example.com,1893
2025-05-12 06:48:42,hermelindavillegas@example.net,1893
2025-01-27 02:14:13,iarchuleta@example.com,1893
2025-05-19 11:38:42,soriafederico@example.net,1893
2025-01-04 04:10:11,andreacarrero@example.net,1893
2025-04-08 17:05:03,pilar78@example.net,1893
2025-01-07 02:33:26,dmontenegro@example.net,1893
2025-03-02 08:38:42,agaona@example.com,1893
2025-06-01 06:13:33,cristinahernandes@example.net,1893
2025-05-12 01:56:20,thidalgo@example.com,1893
2025-05-20 10:34:12,gilbertonieto@example.com,1893
2025-03-30 10:25:04,arevalojulia@example.net,1893
2025-04-26 09:02:58,huertanatividad@example.com,1893
2025-05-05 21:24:23,barriosgabriela@example.net,1893
2025-01-05 06:11:10,rubenvera@example.com,1893
2025-02-27 01:30:23,vquintanilla@example.com,1893
2025-05-14 15:38:50,montalvoroberto@example.org,1893
2025-02-22 01:47:41,luis08@example.net,1893
2025-05-13 03:38:33,qsaenz@example.com,1893
2025-02-24 04:09:41,ana-mariavalencia@example.com,1893
2025-02-18 00:36:50,narguello@example.com,2236
2025-05-05 20:10:04,hermelindavillegas@example.net,2236
2025-01-09 01:14:07,iarchuleta@example.com,2236
2025-01-25 01:08:47,soriafederico@example.net,2236
2025-02-24 20:48:05,andreacarrero@example.net,2236
2025-05-13 03:35:58,pilar78@example.net,2236
2025-03-01 05:09:56,dmontenegro@example.net,2236
2025-05-10 13:37:56,agaona@example.com,2236
2025-03-10 02:56:41,cristinahernandes@example.net,2236
2025-01-26 01:46:18,thidalgo@example.com,2236
2025-01-04 13:04:21,gilbertonieto@example.com,2236
2025-01-18 14:52:18,arevalojulia@example.net,2236
2025-05-31 15:55:50,huertanatividad@example.com,2236
2025-04-26 21:53:53,barriosgabriela@example.net,2236
2025-05-08 16:49:18,rubenvera@example.com,2236
2025-04-17 14:19:21,vquintanilla@example.com,2236
2025-04-29 05:36:04,montalvoroberto@example.org,2236
2025-04-25 15:08:08,luis08@example.net,2236
2025-03-27 22:35:47,qsaenz@example.com,2236
2025-01-09 20:41:31,ana-mariavalencia@example.com,2236
