museo_id,museo_nombre,museo_tematica_n1,museo_fecha_fundacion,museo_adscripcion,nom_ent,nom_mun,museo_calle_numero,museo_colonia,museo_cp,museo_telefono1,pagina_web,pagina_web2,pagina_web3,email,facebook,twitter,instagram,gmaps_longitud,gmaps_latitud,museo_salas_exhibicion_c,museo_salas_exhibicion_tmp_c,link_sic,fecha_mod,museo_num_ext,museo_calle,direccion_complemento,museo_descripcion
2311,Anfibium: Museo del Axolote y Centro de Conservación de Anfibios,8,2023-01-21,Gobierno de la Ciudad de México / SEDEMA,Ciudad de México,Miguel Hidalgo,"Calz. Chivatito s/n, ( entrada por Zoológico de Chapultepec)",Bosque de Chapultepec 1a. Sección,11850 ,,https://gobierno.cdmx.gob.mx/noticias/museo-del-axolote/,,,,,,https://www.instagram.com/chapultepeccdmx/,-99.18957,19.4241,0,0,http://sic.gob.mx/ficha.php?table=museo&table_id=2311,2023-03-02 05:08:14-06,s/n,"Calz. Chivatito , ( entrada por Zoológico de Chapultepec)",,
768,Antiguo Colegio de San Ildefonso,2,1994-03-14,UNAM/Secretaría de Cultura/Gobierno de la Ciudad de México,Ciudad de México,Cuauhtémoc,Justo Sierra 16,Centro Histórico,06020, 55 3602 0029,http://www.sanildefonso.org.mx/,,,informes@sanildefonso.org.mx,https://www.facebook.com/ColegioSanIldefonso/,SanIldefonsoMx,,-99.13058,19.43585,-1,-1,http://sic.gob.mx/ficha.php?table=museo&table_id=768,2024-02-07 05:28:54-06,16,Justo Sierra,,
1335,Casa Museo Benita Galeana,7,2000-06-08,Alcaldía  Benito Juárez/Coordinación de Cultura/Subdirección de Derechos Culturales Recreativos y Educativos,Ciudad de México,Benito Juárez,Cda. Zutano 11,Col. Periodista,03620,"55 5609 1687, 55 5243 5732",https://benitagaleanacmuse.wixsite.com/casamuseobenita,https://www.mexicoescultura.com/recinto/56883/casa-museo-benita-galeana.html,,museo_benita@hotmail.com; benitagaleanacmuseo@gmail.com; abj.cultura@gmailcom,https://es-la.facebook.com/CasaMuseoBenitaGaleana/,,,-99.14548,19.38281,2,1,http://sic.gob.mx/ficha.php?table=museo&table_id=1335,2024-06-05 10:22:36-06,11,Cda. Zutano,,
2069,Casa Museo Guillermo Tovar de Teresa,2,2018-12-20,"Fundación Carlos Slim, AC",Ciudad de México,Cuauhtémoc,Calle Valladolid 52,Col. Roma,06700,55 1103 9800,http://www.museosoumaya.org/inicio/exposiciones/casa-guillermo-tovar-de-teresa/,,,,https://www.facebook.com/elmuseosoumaya/,ElMuseoSoumaya,,-99.16816,19.42005,0,0,http://sic.gob.mx/ficha.php?table=museo&table_id=2069,2024-02-27 11:30:00-06,52,Calle Valladolid,,
2216,Casa Rivas Mercado,8,2017-05-10,Fundación Rivas Mercado/Secretaría de Cultura de la Ciudad de México,Ciudad de México,Cuauhtémoc,Héroes 53,Col. Guerrero,06300,55 8320 9195,https://casarivasmercado.com/,,,visitas@casarivasmercado.com,https://www.facebook.com/casarivasmercado/,,https://www.instagram.com/casarivasmercado/,-99.1468,19.44039,0,0,http://sic.gob.mx/ficha.php?table=museo&table_id=2216,2023-05-03 06:42:46-06,53,Héroes,,
2188,Casa-Estudio Leonora Carrington (Cerrada Temporalmente),8,2021-03-01,Universidad Autónoma Metropolitana (UAM),Ciudad de México,Cuauhtémoc,Chihuahua 194,Col. Roma,06700,,https://casaleonoracarrington.uam.mx/,,,casaleonoracarringtonuam@gmail.com,https://www.facebook.com/casacarrington.uam,casacarrington,https://www.instagram.com/casacarrington.uam/?utm_source=ig_embed,-99.15638,19.41801,0,0,http://sic.gob.mx/ficha.php?table=museo&table_id=2188,2024-02-06 06:08:22-06,194,Chihuahua,,
2194,Cencalli: Casa del Maíz y la Cultura Alimentaria,8,2021-09-29,Secretaría de Cultura/Gobierno de la Ciudad de México,Ciudad de México,Miguel Hidalgo,Av. Parque Lira s/n,"Col. Bosque de Chapultepec, 1a. Sección.",11850,55 4155 0200 ext. 2412,https://chapultepec.cultura.gob.mx/oferta-cultural/los-pinos/cencalli/,,,contactolospinos@cutura.gob.mx,,,,-99.192,19.41717,8,1,http://sic.gob.mx/ficha.php?table=museo&table_id=2194,2024-02-29 13:36:59-06,s/n,Av. Parque Lira,,
1518,Centro de Interpretación Xaltilolli,4,2021-11-30,UNAM/Centro Cultural Universitario Tlatelolco,Ciudad de México,Cuauhtémoc,Av. Ricardo Flores Magón s/n,Col. Nonoalco Tlatelolco,06900,55 5517 2818,,https://cix.unam.mx/,,dg_ccut@unam.mx,https://www.facebook.com/CCUTXaltilolli,ccutlatelolco,,-99.13712,19.44988,1,1,http://sic.gob.mx/ficha.php?table=museo&table_id=1518,2024-06-27 13:04:11-06,s/n,Av. Ricardo Flores Magón,,
771,Ex Teresa Arte Actual,3,1993-05-26,Secretaría de Cultura/INBAL,Ciudad de México,Cuauhtémoc,Licenciado Primo Verdad 8,Centro,06060,55 4122 8020,https://inba.gob.mx/recinto/55/ex-teresa-arte-actual,,,exteresa.difusion@inba.gob.mx,https://www.facebook.com/EXTAA/,exteresa,,-99.13075,19.43403,-1,-1,http://sic.gob.mx/ficha.php?table=museo&table_id=771,2023-05-17 07:08:27-06,8,Licenciado Primo Verdad,,
1245,Fundación María y Héctor García,2,2008-10-28,Fundación María y Héctor García,Ciudad de México,Benito Juárez,Cumbres de Maltrata 581,Col. 2da. del Periodista,03620,55 5532 6270,https://www.fundacionmariayhectorgarcia.com/,,,fundacion.hg@gmail.com,https://www.facebook.com/fundacion.garcia,,https://www.instagram.com/fundacionmariayhectorgarcia/,-99.14471,19.38265,-1,-1,http://sic.gob.mx/ficha.php?table=museo&table_id=1245,2024-06-28 11:08:49-06,581,Cumbres de Maltrata,,
2428,Galería José María Velasco,8,1962-09-07,Secretaría de Cultura/INBA,Ciudad de México,Cuauhtémoc,Peralvillo 55,Col. Morelos,06200,55 5772 0542,https://inba.gob.mx/recinto/28,,,galeria.velasco@gmail.com,https://www.facebook.com/profile.php?id=100057869910759,GJMVmx,https://www.instagram.com/galeriajmvelasco/?hl=es,-99.13257,19.4485,3,0,http://sic.gob.mx/ficha.php?table=museo&table_id=2428,2024-04-16 14:02:38-06,55,Peralvillo,,
2217,Galería de Arte de la SHCP,8,1982-01-01,SHCP/Dirección General de la Conservaduría de Palacio Nacional y Patrimonio Cultural,Ciudad de México,Cuauhtémoc,República de Guatemala 8,Centro,06000,"55 3688 1100 exts. 81666, 81656",https://www.gob.mx/palacionacional,,,difusioncultural@hacienda.gob.mx,,,,-99.13374,19.43519,0,0,http://sic.gob.mx/ficha.php?table=museo&table_id=2217,2023-07-17 07:17:54-06,8,República de Guatemala,,
970,"Galería de Historia, Museo del Caracol",7,1960-11-21,Secretaría de Cultura/INAH,Ciudad de México,Miguel Hidalgo,Rampa de acceso al Castillo de Chapultepec s/n,"Col. San Miguel Chapultepec,  1a. sección",11580, 55 5211 5239.,https://www.caracol.inah.gob.mx/,"https://lugares.inah.gob.mx/es/museos-inah/museo/454-galer%C3%ADa-de-historia,-museo-del-caracol.html?lugar_id=454&lugar_tipo=museos",https://lugares.inah.gob.mx/lugar-90-es,ignacio_luna@inah.gob.mx,https://www.facebook.com/museo.delcaracol,,,-99.1833,19.41895,13,1,http://sic.gob.mx/ficha.php?table=museo&table_id=970,2024-05-17 11:08:42-06,s/n,Rampa de acceso al Castillo de Chapultepec,,
1464,Galerías de la Antigua Academia de San Carlos,2,2010-11-03,UNAM/Facultad de Artes y Diseño,Ciudad de México,Cuauhtémoc,"Academia 22, piso 1","Antiguo Barrio Universitario, Centro Histórico",06060,55 5522 3387 ext. 214,http://academiasancarlos.unam.mx/,		   				 				    			 				 			,,difusion.cultural.aasc@fad.unam.mx,https://www.facebook.com/AcademiaDeSanCarlos/,,,-99.12878,19.43302,9,8,http://sic.gob.mx/ficha.php?table=museo&table_id=1464,2021-03-04 04:29:20-06,22,Academia,piso 1,
503,Herbario Medicinal del IMSS,1,1978-06-01,Instituto Mexicano del Seguro Social,Ciudad de México,Cuauhtémoc,Av. Cuauhtémoc 330,Col. Doctores,06720,55 5588 5607,https://www.imss.gob.mx/prensa/archivo/202406/286,,,herbarioimss@yahoo.com.mx,,,,-99.15325,19.40772,-1,-1,http://sic.gob.mx/ficha.php?table=museo&table_id=503,2024-07-02 12:23:07-06,330,Av. Cuauhtémoc,,
478,La Casa Luis Barragán,2,1998-10-20,"Fundación de Arquitectura Tapatía Luis Barragán, A.C.",Ciudad de México,Miguel Hidalgo,Gral. Francisco Ramírez 14-16,Col. Ampliación Daniel Garza,11840,55 5272 4945,http://www.casaluisbarragan.org,,,casaluisbarragan@gmail.com,,Casa_Barragan,,-99.19241,19.4111,-1,-1,http://sic.gob.mx/ficha.php?table=museo&table_id=478,2022-04-18 03:52:39-05,14,Gral. Francisco Ramírez -,,
427,Laboratorio Arte Alameda,2,2000-01-01,Secretaría de Cultura/INBA,Ciudad de México,Cuauhtémoc,Calle Dr. Mora 7,Centro Histórico,06050,55 8647 5660,http://www.artealameda.bellasartes.gob.mx/,https://linktr.ee/artealameda,,info.artealameda@gmail.com,https://www.facebook.com/artealameda/?ref=br_rs,ArteAlameda,,-99.14677,19.4364,7,7,http://sic.gob.mx/ficha.php?table=museo&table_id=427,2024-02-07 06:00:45-06,7,Calle Dr. Mora,,
1600,"M68, Memorial de 1968 y Movimientos sociales",7,2007-10-22,UNAM/Centro Cultural Universitario Tlatelolco,Ciudad de México,Cuauhtémoc,Ricardo Flores Magón s/n,Col. Nonoalco Tlatelolco,06900,55 5583 4092,https://tlatelolco.unam.mx/cm68/,,,dg_ccut@unam.mx  ; medios.ccut@gmail.com,https://www.facebook.com/CCUTlatelolco/,ccutlatelolco,https://www.instagram.com/m68_ccut/,-99.13712,19.44988,1,1,http://sic.gob.mx/ficha.php?table=museo&table_id=1600,2024-02-07 04:13:45-06,s/n,Ricardo Flores Magón,,
502,"Maná, Museo de la Biblia",7,2000-07-30,"Maná, Museo de las Sagradas Escrituras, A.C.",Ciudad de México,Miguel Hidalgo,Tonantzin 31,Col. Tlaxpana,11370,55 5591 0139,https://mana.museum/,,, informes@mana.museum ,https://www.facebook.com/ManaMuseo,,,-99.16908,19.44315,-1,-1,http://sic.gob.mx/ficha.php?table=museo&table_id=502,2023-08-21 03:02:34-06,31,Tonantzin,,
911,Mapoteca Manuel Orozco y Berra (MOB),6,1977-01-01,"Servicio de Información Agroalimentaria y Pesquera, Secretaría de Agricultura Ganadería Desarrollo Rural Pesca y Alimentación",Ciudad de México,Miguel Hidalgo,Av. Observatorio 192,Col. Observatorio,11860,"55 3871 8500 exts. 48147, 48205, 48206",http://mapoteca.siap.gob.mx/,,,mmoyb@siap.gob.mx,,,,-99.19625,19.40351,-1,-1,http://sic.gob.mx/ficha.php?table=museo&table_id=911,2023-09-26 04:12:36-06,192,Av. Observatorio,,
1532,Mundo Chocolate Museo (MUCHO),6,2010-05-24,"Fundación MUCHO, A.C.",Ciudad de México,Cuauhtémoc,Milán 45 esq. Roma,Col. Juárez,06600,55 5535 0410,https://www.mucho.org.mx/,,,contacto@mucho.org.mx,https://es-la.facebook.com/muchomuseochocolate/,,,-99.15718,19.42938,9,-1,http://sic.gob.mx/ficha.php?table=museo&table_id=1532,2024-07-16 11:39:45-06,45,Milán  esq. Roma,,
1109,Museo Archivo de la Fotografía (MAF),2,2006-12-12,Secretaría de Cultura de la Ciudad de México,Ciudad de México,Cuauhtémoc,República de Guatemala 34-38,Centro Histórico,06010,55 2616 7057,https://www.cultura.cdmx.gob.mx/recintos/maf,,,museoarchivofotografia@gmail.com,https://es-la.facebook.com/pg/mafmuseo/about/?ref=page_internal,mafcultura,https://www.instagram.com/mafmuseo/?locale=ne_NP&hl=ar,-99.13214,19.43486,3,3,http://sic.gob.mx/ficha.php?table=museo&table_id=1109,2024-06-28 11:48:58-06,34,República de Guatemala -,,
2236,Museo Art Toys,8,2017-12-01,No disponible,Ciudad de México,Cuauhtémoc,Av. 5 de Mayo 23,Centro,06010,55 67 11 51 13,http://museoarttoys.com/#sobrenosotros,https://www.igcomics.mx/,,museoarttoys@gmail.com,https://es-la.facebook.com/MuseoArtToys/,,,-99.13854,19.43425,0,0,http://sic.gob.mx/ficha.php?table=museo&table_id=2236,2024-01-26 06:28:27-06,5,Av.  de Mayo,,
2202,Museo Banco de México,8,2021-09-27,Banco de México ,Ciudad de México,Cuauhtémoc,"Av. 5 de Mayo, núm. 2",Centro Histórico,06000,55 5237 2000,https://museobancodemexico.mx/,,, contacto.museo@banxico.org.mx,https://www.facebook.com/museobancodemexico,MuseoBdM ,,-99.14041,19.43491,4,1,http://sic.gob.mx/ficha.php?table=museo&table_id=2202,2022-01-11 07:41:47-06,2,"Av. 5 de Mayo,",,
2181,Museo Casa Presidencial Lázaro Cárdenas,8,2020-10-19,Secretaría de Cultura del Gobierno de México,Ciudad de México,Miguel Hidalgo,Complejo Cultural Los Pinos,"Col. San Miguel Chapultepec, 1ra sección",11850,55 41550200 ext. 2412,https://lospinos.cultura.gob.mx/espacios/detalle/casa-presidencial-lazaro-cardenas,,,contactolospinos@cultura.gob.mx,https://www.facebook.com/LosPinos.Cultura,,,-99.19182,19.41485,14,0,http://sic.gob.mx/ficha.php?table=museo&table_id=2181,2024-02-29 13:36:19-06,s/n,Complejo Cultural Los Pinos,,
965,Museo Casa de Carranza,7,1961-02-01,Secretaría de Cultura/INAH,Ciudad de México,Cuauhtémoc,Río Lerma 35 esq. Río Amazonas,Col. Cuauhtémoc dir_casacarranza@inah.gob.mx,06500,55 5535 2920,,,https://lugares.inah.gob.mx/lugar-69-es,dir_casacarranza@inah.gob.mx; casa_carranza.museo@inah.gob.mx,https://www.facebook.com/MCCINAH/,mcasacarranza,,-99.16348,19.43118,13,-1,http://sic.gob.mx/ficha.php?table=museo&table_id=965,2023-12-14 04:23:28-06,35,Río Lerma  esq. Río Amazonas,,
548,Museo Casa de la Bola,2,1991-05-27,"Fundación Cultural Antonio Haghenbeck de la Lama, I.A.P.",Ciudad de México,Miguel Hidalgo,Av. Parque Lira 136,Col. Tacubaya,11860,55 2614 0164,http://www.museoshaghenbeck.mx/,https://www.museoshaghenbeck.mx/museo-casa-de-la-bola/,,newsletter@museoshaghenbeck.mx,https://www.facebook.com/museoshaghenbeck/,https://twitter.com/mhaghenbeck,,-99.18867,19.4046,-1,-1,http://sic.gob.mx/ficha.php?table=museo&table_id=548,2024-11-12 09:33:07-06,136,Av. Parque Lira,,
1538,Museo Casa de la Memoria Indómita,7,2012-06-14,Comité ¡Eureka!/,Ciudad de México,Cuauhtémoc,Regina 66,Centro,06000,55 5709 1512 ,https://museocasadelamemoriaindomita.mx/,https://es-la.facebook.com/pages/category/Cause/Museo-Casa-de-la-Memoria-Indomita-386806111517120/,,comunicacion@museocasadelamemoriaindomita.com,,,,-99.13481,19.42769,8,1,http://sic.gob.mx/ficha.php?table=museo&table_id=1538,2021-08-02 03:32:22-05,66,Regina,,
2417,Museo Casa de las Mil Muñecas,8,2024-02-09,Particular,Ciudad de México,Cuauhtémoc,Av. Chapultepec 420,Col. Roma Norte,06700,55 5922 8451,https://xn--museodelasmilmuecas-93b.com/,,,contacto@casamilmunecas.com,https://www.facebook.com/p/Casa-de-las-mil-mu%C3%B1ecas-100057371534612/?locale=es_LA,,https://www.instagram.com/casadelasmilmunecascdmx,-99.16857,19.42201,4,1,http://sic.gob.mx/ficha.php?table=museo&table_id=2417,2024-06-24 12:17:03-06,420,Av. Chapultepec,,
2075,Museo Centro de la Imagen,8,1994-05-04,Secretaría de Cultura,Ciudad de México,Cuauhtémoc,Plaza de la Ciudadela 2,Centro Histórico,06040,55 4155 0850,https://centrodelaimagen.cultura.gob.mx,https://pics-ci.com.mx/,,direccion_ci@cultura.gob.mx; comunicacion_ci@cultura.gob.mx,https://www.facebook.com/centrodelaimagen.mx/,cimagen,,-99.14886,19.42902,14,14,http://sic.gob.mx/ficha.php?table=museo&table_id=2075,2021-05-04 07:39:54-05,2,Plaza de la Ciudadela,,
2161,Museo Estelar,8,2019-11-01,"Museo Estelar, A.C.",Ciudad de México,Benito Juárez,Santa Margarita 519,Col. Insurgentes San Borja,03100,,https://museoestelar.com/,,,contacto@museoestelar.com,https://www.facebook.com/MUSEOESTELAR/,,https://www.instagram.com/museo_estelar/,-99.17578,19.38186,2,0,http://sic.gob.mx/ficha.php?table=museo&table_id=2161,2024-06-28 11:59:21-06,519,Santa Margarita,,
344,Museo Experimental El Eco,2,2005-09-07,UNAM/Dirección General de Artes Visuales,Ciudad de México,Cuauhtémoc,Sullivan 43,Col. San Rafael,06470,55 5535 5186,http://www.eleco.unam.mx,,,contacto@eleco.unam.mx,,museo_el_eco,,-99.16126,19.43339,-1,-1,http://sic.gob.mx/ficha.php?table=museo&table_id=344,2024-07-16 11:43:54-06,43,Sullivan,,
1114,Museo Ferrocarrilero Víctor Flores Morales,7,2001-07-17,Sindicato de Trabajadores Ferrocarrileros de la República Mexicana,Ciudad de México,Cuauhtémoc,Av. Ricardo Flores Magón 206,Col. Guerrero,06300,(55) 5597 1009,,,,museoferrovm@gmail.com; marquezgonzalez@hotmail.com,https://www.facebook.com/Museo-Ferrocarrilero-Victor-Flores-1145575075547310/?ref=page_internal,,,-99.15125,19.45383,-1,-1,http://sic.gob.mx/ficha.php?table=museo&table_id=1114,2020-05-07 17:31:03-05,206,Av. Ricardo Flores Magón,,
2168,Museo Foro Valparaíso,8,2019-11-15,"Banco Nacional de México, S.A.",Ciudad de México,Cuauhtémoc,Venustiano Carranza 60,Centro Histórico,06000,55 1226 4290,https://www.banamex.com/valparaiso/index.html,https://es.wikipedia.org/wiki/Palacio_de_los_Condes_de_San_Mateo_de_Valparaiso,,valparaiso@citi.com,https://www.facebook.com/forovalparaisomx,,https://www.instagram.com/forovalparaisomx/,-99.13628,19.43142,22,1,http://sic.gob.mx/ficha.php?table=museo&table_id=2168,2024-07-16 12:26:34-06,60,Venustiano Carranza,,
462,Museo Franz Mayer,2,1986-07-15,Banco de México Fideicomiso Cultural Franz Mayer,Ciudad de México,Cuauhtémoc,Av. Hidalgo 45,Centro,06300,55 5518 2265,https://franzmayer.org.mx/,,,museo@franzmayer.org.mx,https://www.facebook.com/MuseoFranzMayerMexico/,el_mayer,https://www.instagram.com/museofranzmayer/,-99.14321,19.43726,3,-1,http://sic.gob.mx/ficha.php?table=museo&table_id=462,2024-08-01 09:32:06-06,45,Av. Hidalgo,,
1617,Museo Galería Nuestra Cocina Duque de Herdez,6,2000-01-01,"Fundación Herdez, A.C.",Ciudad de México,Cuauhtémoc,Seminario 18,Centro Histórico,06060,55 5522 8860,http://fundacionherdez.com/,,,fundacion@herdez.com,https://www.facebook.com/FundacionHerdezAC/,Fundacion.Herdezac,,-99.1318,19.43366,4,-1,http://sic.gob.mx/ficha.php?table=museo&table_id=1617,2020-04-24 11:58:03-05,18,Seminario,,
1560,"Museo Indígena, Antigua Aduana de Peralvillo",1,2012-08-08,Instituto Nacional de los Pueblos Indígenas (INPI),Ciudad de México,Cuauhtémoc,Paseo de la Reforma Nte. 707,Col. Morelos,06200,55 5529 4699,http://www.inpi.gob.mx/museoindigena/,,,rlopezb@inpi.gob.mx,https://es-la.facebook.com/MiMuseoIndigena/,MiMuseoIndigena,,-99.13146,19.45157,3,-1,http://sic.gob.mx/ficha.php?table=museo&table_id=1560,2022-04-18 06:43:37-05,707,Paseo de la Reforma Nte.,,
1096,Museo Interactivo de Economía (MIDE),5,2006-07-12,Fideicomiso del Espacio Cultural y Educativo Betlemitas,Ciudad de México,Cuauhtémoc,Tacuba 17,Centro,06000,55 5130 4600 ext. 2900,http://www.mide.org.mx/,,,atencion.publico@mide.org.mx; direccion.general@mide.org.mx; relaciones.publicas@mide.org.mx,https://www.facebook.com/museo.mide,MuseoMIDE,,-99.13842,19.43516,-1,-1,http://sic.gob.mx/ficha.php?table=museo&table_id=1096,2021-03-05 06:14:00-06,17,Tacuba,,
2029,Museo Interactivo de la Bolsa Mexicana de Valores,8,2019-04-08,Grupo BMV,Ciudad de México,Cuauhtémoc,Paseo de la Reforma 255 Mezzanine,Col. Cuauhtémoc,06500,5553 4290 00,http://www.bmv.com.mx/es/Grupo_BMV/Experiencia_Bolsa,https://www.mubo.com.mx/pages/default,,mubo@grupobmv.com.mx,https://www.facebook.com/BolsaMexicanaValores,,,-99.16448,19.42919,0,0,http://sic.gob.mx/ficha.php?table=museo&table_id=2029,2024-01-30 08:38:51-06,255,Paseo de la Reforma  Mezzanine,,
459,Museo José Luis Cuevas,2,1992-07-08,"Fundación Maestro José Luis Cuevas Novelo, A.C.",Ciudad de México,Cuauhtémoc,Academia 13,Centro Histórico,06060,55 5542 8959,http://www.museojoseluiscuevas.com.mx/inicio.html,,,bccuevas@museojoseluiscuevas.com.mx; fundacionjlcuevas@museojoseluiscuevas.com.mx,https://www.facebook.com/museojoseluiscuevasoficial?ref=hl,MuseoCuevas,,-99.12912,19.43363,7,6,http://sic.gob.mx/ficha.php?table=museo&table_id=459,2021-03-05 06:17:53-06,13,Academia,,
1484,Museo Jumex,2,2013-11-19,"Fundación Jumex Arte Contemporáneo, A.C.",Ciudad de México,Miguel Hidalgo,Blvd. Miguel de Cervantes Saavedra 303,Col. Granada,11520,55 5395 2618,https://www.fundacionjumex.org/es,,,info@fundacionjumex.org,,Coleccion_Jumex,,-99.20367,19.44041,-1,-1,http://sic.gob.mx/ficha.php?table=museo&table_id=1484,2020-04-20 12:27:19-05,303,Blvd. Miguel de Cervantes Saavedra,,
2066,Museo Kaluz,8,2020-10-23,Fundación Cultural Kalux,Ciudad de México,Cuauhtémoc,Av. Hidalgo 85,Col. Guerrero,06300,55 2345 3168,https://museokaluz.org/,,,info@museokaluz.org; maregalado@kaluz.com,https://www.facebook.com/MuseoKaluz,,,-99.14589,19.43746,18,18,http://sic.gob.mx/ficha.php?table=museo&table_id=2066,2022-04-08 07:08:30-05,85,Av. Hidalgo,,
811,Museo Manuel Tolsá,2,1999-02-08,UNAM/Facultad de Ingeniería,Ciudad de México,Cuauhtémoc,Tacuba 5,Centro,06000,55 5623 2981,http://museomanueltolsa.unam.mx/,,,teresa.martinez@mineria.unam.mx,https://www.facebook.com/PalacioDeMineria/?ref=hl,PalacioMineria,,-99.13926,19.43573,-1,-1,http://sic.gob.mx/ficha.php?table=museo&table_id=811,2020-04-23 12:54:22-05,5,Tacuba,,
1313,Museo Memoria y Tolerancia,7,2010-10-18,"Memoria y Tolerancia, A.C.",Ciudad de México,Cuauhtémoc,Av. Juárez 8,Centro,06010,55 5130 5555 Ext. 1045,https://www.myt.org.mx/,,,info@myt.org.mx,https://www.facebook.com/MuseoMemoriayTolerancia/,museomyt,,-99.14467,19.43415,1,1,http://sic.gob.mx/ficha.php?table=museo&table_id=1313,2024-06-25 10:56:33-06,8,Av. Juárez,,
1212,Museo Mexicano del Diseño (MUMEDI),2,2002-01-01,"Fundación Mumedi, A.C.",Ciudad de México,Cuauhtémoc,Francisco I. Madero 74,Centro Histórico,06000,55 5510 8609,https://www.mumedi.mx/,,,info@mumedi.org,https://www.facebook.com/Mumedi/,MUMEDIAmigos,,-99.1346,19.43333,-1,-1,http://sic.gob.mx/ficha.php?table=museo&table_id=1212,2024-03-04 05:47:52-06,74,Francisco I. Madero,,
661,Museo Mural Diego Rivera,2,1988-02-19,Secretaría de Cultura/INBA,Ciudad de México,Cuauhtémoc,Balderas s/n esq. Colón,Centro Histórico,06040,55  1555 1900,https://museomuraldiegorivera.bellasartes.gob.mx/,,,mmdr.informes@inba.gob.mx,https://www.facebook.com/pg/museomural.diegorivera/about/,MuseoMural,,-99.14685,19.43604,1,-1,http://sic.gob.mx/ficha.php?table=museo&table_id=661,2021-03-05 07:32:46-06,s/n,Balderas  esq. Colón,,
807,Museo Nacional de Antropología (MNA),1,1964-09-17,Secretaría de Cultura/INAH,Ciudad de México,Miguel Hidalgo,Av. Paseo de la Reforma esq. Calz. Gandhi s/n,Col. Chapultepec Polanco ,11560,55 5553 6266,https://www.mna.inah.gob.mx/,https://twitter.com/mna_inah?lang=es,https://lugares.inah.gob.mx/lugar-87-es,atención.mna@inah.gob.mx,https://www.facebook.com/MNAinah/,,,-99.18661,19.4261,22,2,http://sic.gob.mx/ficha.php?table=museo&table_id=807,2024-05-13 16:36:22-06,s/n,Av. Paseo de la Reforma esq. Calz. Gandhi,,
716,Museo Nacional de Arquitectura,2,1984-01-26,Secretaría de Cultura/INBA/Dirección de Arquitectura y Conservación del Patrimonio Artístico Inmueble,Ciudad de México,Cuauhtémoc,Av. Juárez 1,Centro Histórico,06050,"55 8647 5360 exts. 6311, 6312",https://munarq.inba.gob.mx/,,,difusiondacpai@inba.gob.mx,https://www.facebook.com/MUNARQINBA/,,,-99.14129,19.43538,-1,-1,http://sic.gob.mx/ficha.php?table=museo&table_id=716,2023-10-17 08:17:42-06,1,Av. Juárez,,
439,Museo Nacional de Arte (MUNAL),2,1982-07-23,Secretaría de Cultura/INBA,Ciudad de México,Cuauhtémoc,Tacuba 8,Centro Histórico,06010,55 8647 5430 ext. 5035,http://www.munal.mx/en,,,elias.pina@munal.inba.gob.mx,https://www.facebook.com/munal.inba,MUNALmx,,-99.13906,19.43638,-1,-1,http://sic.gob.mx/ficha.php?table=museo&table_id=439,2023-02-16 04:34:50-06,8,Tacuba,,
673,Museo Nacional de Historia Castillo de Chapultepec,7,1944-09-27,Secretaría de Cultura/INAH,Ciudad de México,Miguel Hidalgo,"Bosque de Chapultepec, primera sección",Col. Polanco V sección,11560,"55 4040 5214, 55 4040 5200",https://mnh.inah.gob.mx/,https://www.mexicoescultura.com/recinto/53752/museo-nacional-de-historia-castillo-de-chapultepec.html,https://lugares.inah.gob.mx/lugar-72-es,"difusion.mnh@inah.gob.mx, salvador_rueda@inah.gob.mx",,Museodehistoria,,-99.18204,19.42036,8,-1,http://sic.gob.mx/ficha.php?table=museo&table_id=673,2024-05-03 11:59:33-06,s/n,"Bosque de Chapultepec, primera sección",,
804,Museo Nacional de San Carlos,2,1968-06-12,Secretaría de Cultura/INBA,Ciudad de México,Cuauhtémoc,Puente de Alvarado 50,Col. Tabacalera,06030,55 8647 5800 al 03,http://www.mnsancarlos.com/,,,mnsc.info@inba.gob.mx;  difusion.mnsc@gmail.com,https://es-la.facebook.com/museosancarlos/,MNacSanCarlos,https://www.instagram.com/museo_sancarlos/,-99.1519,19.43804,10,4,http://sic.gob.mx/ficha.php?table=museo&table_id=804,2023-09-29 06:24:41-06,50,Puente de Alvarado,,
977,Museo Nacional de la Cartografía,7,2000-02-19,Secretaría de la Defensa Nacional (SEDENA)/Dirección General de Archivo e Historia,Ciudad de México,Miguel Hidalgo,Av. Observatorio 94,Col. Tacubaya,11870,55 5272 6686,http://www.gob.mx/sedena/acciones-y-programas/museo-nacional-de-la-cartografia,,,mus_carto@mail.sedena.gob.mx ,,,,-99.19171,19.40433,-1,-1,http://sic.gob.mx/ficha.php?table=museo&table_id=977,2022-02-24 04:50:04-06,94,Av. Observatorio,,
812,Museo Nacional de la Estampa (MUNAE),2,1986-12-17,Secretaría de Cultura/INBA,Ciudad de México,Cuauhtémoc,"Av. Hidalgo 39, Plaza de la Santa Veracruz",Centro,06050,"55 8647 5220 exts. 5440, 5443",http://www.museonacionaldelaestampa.bellasartes.gob.mx/,,,munae.informes@inba.gob.mx,https://www.facebook.com/MuseoNacionaldelaEstampa/,MUNAE,,-99.1427,19.43687,4,1,http://sic.gob.mx/ficha.php?table=museo&table_id=812,2023-02-16 04:26:42-06,39,"Av. Hidalgo , Plaza de la Santa Veracruz",,
705,Museo Nacional de la Revolución,7,1986-11-20,Secretaría de Cultura de la Ciudad de México,Ciudad de México,Cuauhtémoc,Plaza de la República s/n,Col. Tabacalera,06030,55 5546 2115,http://www.cultura.cdmx.gob.mx/recintos/mnr,https://www.facebook.com/museorevolucion,,mnr.difusion@gmail.com,,museorevolucion,,-99.15445,19.43615,9,1,http://sic.gob.mx/ficha.php?table=museo&table_id=705,2020-04-22 15:20:09-05,s/n,Plaza de la República,,
802,Museo Nacional de las Culturas del Mundo,7,1965-12-04,Secretaría de Cultura/INAH,Ciudad de México,Cuauhtémoc,Moneda 13,Centro Histórico,06060,55 5510 9922,https://lugares.inah.gob.mx/lugar-88-es,https://lugares.inah.gob.mx/lugar-88-en,,"direccion.mncm@inah.gob.mx, difusion.mnc@inah.gob.mx",https://www.facebook.com/MuseoCulturasdelMundo?mibextid=ZbWKwL,MuseoCulturas,https://www.instagram.com/mnculturasdelmundo?igsh=MWZod2c4aW5yaXlkZw==,-99.13076,19.43271,14,10,http://sic.gob.mx/ficha.php?table=museo&table_id=802,2024-05-27 14:48:42-06,13,Moneda,,
1337,Museo Numismático Nacional,5,2016-01-01,SHCP/Casa de Moneda de México,Ciudad de México,Cuauhtémoc,"Apartado 13, entrada por República de Bolivia 40",Centro,06000,55 5080 9850 ext. 4551,https://www.gob.mx/cmm/acciones-y-programas/museo-numismatico-nacional-251871,,,atencionydifusion@cmm.gob.mx,https://www.facebook.com/profile.php?id=100078775180418,@MNN_mexico,https://www.instagram.com/museo_numismatico_nacional_mx/,-99.1302,19.43931,7,3,http://sic.gob.mx/ficha.php?table=museo&table_id=1337,2024-05-30 09:55:25-06,13,"Apartado , entrada por República de Bolivia",,
1176,Museo Panteón de San Fernando,7,2006-07-18,Secretaría de Cultura de la Ciudad de México,Ciudad de México,Cuauhtémoc,Plaza San Fernando 17,Col. Guerrero,06300,55 5518 4736,https://www.cultura.cdmx.gob.mx/recintos/mpsf,,,museopanteon.sf@gmail.com,,,,-99.14787,19.439,-1,-1,http://sic.gob.mx/ficha.php?table=museo&table_id=1176,2023-07-24 03:44:15-06,17,Plaza San Fernando,,
532,Museo Polyforum Siqueiros (Cerrado por remodelación),2,1971-12-15,"Polyforum Siqueiros, A.C.",Ciudad de México,Benito Juárez,Insurgentes Sur 701,Col. Nápoles,03810,55 5536 4520 al 24 ext. 117,http://www.polyforumsiqueiros.com,,,info@polyforumsiqueiros.com.mx,,Polyforum,,-99.17332,19.393,2,1,http://sic.gob.mx/ficha.php?table=museo&table_id=532,2023-03-14 08:16:15-06,701,Insurgentes Sur,,
689,Museo Postal y Filatélico,7,1920-02-25,Servicio Postal Mexicano,Ciudad de México,Cuauhtémoc,Tacuba 1,Centro,06000,"55 5130 4100 exts. 15560, 15586",https://www.portal.correosdemexico.com.mx/museopostal/,https://instagram.com/palacio.postal.museo,,qrosas@correosdemexico.gob.mx,,,,-99.14024,19.43573,4,2,http://sic.gob.mx/ficha.php?table=museo&table_id=689,2023-10-17 08:57:25-06,1,Tacuba,,
710,Museo Ramón López Velarde,7,1991-11-28,"Fundación Casa del Poeta, I.A.P.",Ciudad de México,Cuauhtémoc,Av. Álvaro Obregón 73,Col. Roma,06700,55 5533 5456,,https://www.facebook.com/casadelpoetaiap,,casadelpoeta@prodigy.net.mx,,@casadelpoetarlv,,-99.15824,19.41883,1,0,http://sic.gob.mx/ficha.php?table=museo&table_id=710,2024-01-30 04:55:00-06,73,Av. Álvaro Obregón,,
733,Museo Recinto Homenaje a Cuauhtémoc,2,1999-01-01,Secretaría de Cultura/INAH,Ciudad de México,Cuauhtémoc,Av. Paseo de la Reforma Nte. 630,"U.H. Nonoalco-Tlaltelolco, 3ra. Sección",06300,55 5782 7290,,,,za.tlatelolco@inah.gob.mx,,,,-99.13416,19.44997,-1,-1,http://sic.gob.mx/ficha.php?table=museo&table_id=733,2020-04-23 12:45:17-05,630,Av. Paseo de la Reforma Nte.,,
2067,Museo Salón de Cabildos del Antiguo Palacio del Ayuntamiento,8,2018-12-05,Secretaría de Cultura de la Ciudad de México/Museo de la Ciudad de México,Ciudad de México,Cuauhtémoc,Antiguo Palacio del Ayuntamiento<br>Plaza de la Constitución 2,Centro Histórico,06000,55 5345 8000,https://www.cultura.cdmx.gob.mx/recintos/museos/salon-de-cabildos,,,salondecabildos1@gmail.com,,,,-99.13404,19.43162,3,0,http://sic.gob.mx/ficha.php?table=museo&table_id=2067,2020-04-27 09:07:57-05,2,Antiguo Palacio del Ayuntamiento<br>Plaza de la Constitución,,
1478,"Museo Soumaya, Plaza Carso",2,2011-03-28,"Fundación Carlos Slim, A.C.",Ciudad de México,Miguel Hidalgo,Blvd. Miguel de Cervantes Saavedra 303,Col. Ampl. Granada,11529,55 1103 9801 al 03,http://www.museosoumaya.org/,,,museo@soumaya.org.mx,https://www.facebook.com/elmuseosoumaya,ElMuseoSoumaya,https://www.instagram.com/elmuseosoumaya/,-99.20462,19.44066,6,1,http://sic.gob.mx/ficha.php?table=museo&table_id=1478,2024-02-27 10:24:56-06,303,Blvd. Miguel de Cervantes Saavedra,,
335,Museo Tamayo Arte Contemporáneo,2,1981-05-30,Secretaría de Cultura/INBA,Ciudad de México,Miguel Hidalgo,Paseo de la Reforma 51 esq. Gandhi,Col. Bosque de Chapultepec,11580,55 4122 8200,http://www.museotamayo.org,,,info@museotamayo.org ,https://www.facebook.com/museotamayo/,museotamayo,,-99.18173,19.42552,17,8,http://sic.gob.mx/ficha.php?table=museo&table_id=335,2021-03-08 04:27:17-06,51,Paseo de la Reforma  esq. Gandhi,,
1893,Museo UNAM Hoy,7,2015-11-05,UNAM/Instituto de Investigaciones sobre la Universidad y la Educación (IISUE),Ciudad de México,Cuauhtémoc,Moneda 2,Centro Histórico,06010,55 5665 1661,http://www.iisue.unam.mx/museo/,,,museounamhoy@gmail.com,,IISUE_UNAM,,-99.13173,19.43367,6,1,http://sic.gob.mx/ficha.php?table=museo&table_id=1893,2021-03-08 04:14:32-06,2,Moneda,,
685,Museo Universitario de Ciencias y Artes (MUCA) Roma,2,1999-04-01,UNAM/Dirección General de Artes Visuales,Ciudad de México,Cuauhtémoc,Tonalá 51,Col. Roma Norte,06700,55 5511 0925,https://mexicocity.cdmx.gob.mx/venues/muca-roma/?lang=es,http://www.mucaroma.unam.mx,,elmucaroma@gmail.com,https://www.facebook.com/muca.roma/,MUCAROMA,,-99.16305,19.41894,-1,-1,http://sic.gob.mx/ficha.php?table=museo&table_id=685,2023-10-19 03:45:10-06,51,Tonalá,,
382,Museo Universitario del Chopo,2,1975-11-25,UNAM/Coordinación de Difusión Cultural,Ciudad de México,Cuauhtémoc,Dr. Enrique González Martínez 10,Col. Santa María la Ribera,06400,"55 5546 8490, 55 5546 3471",http://www.chopo.unam.mx,,,info.chopo@unam.mx; chopo@unam.mx,https://www.facebook.com/MuseodelChopo/,/museodelchopo,,-99.15677,19.44191,-1,7,http://sic.gob.mx/ficha.php?table=museo&table_id=382,2020-04-24 11:13:08-05,10,Dr. Enrique González Martínez,,
2173,Museo Vivo del Muralismo,8,2024-09-25,Secretaría de Educación Pública/Secretaría de Cultura del Gobierno de México/INBAL/INAH,Ciudad de México,Cuauhtémoc,"Argentina 28, planta baja",Centro Histórico,06020,55 3601 1000 exts. 51238,,https://murales.sep.gob.mx/,,,,SEP_mx,,-99.1317,19.43694,2,1,http://sic.gob.mx/ficha.php?table=museo&table_id=2173,2024-09-25 18:34:39-06,28,"Argentina , planta baja",,
2008,Museo Vizcaínas,7,1996-04-25,Colegio de San Ignacio de Loyola Vizcaínas IAP,Ciudad de México,Cuauhtémoc,Vizcaínas 21,Centro Histórico,06080,55 5130 7123,http://colegiovizcainas.edu.mx/museo,,,comunicacion@vizcainas.mx,https://www.facebook.com/MuseoVizcainas,MuseoVizcainas,,-99.14072,19.42831,14,0,http://sic.gob.mx/ficha.php?table=museo&table_id=2008,2022-08-25 03:59:23-05,21,Vizcaínas,,
658,Museo de Arte Moderno (MAM),2,1964-09-20,Secretaría de Cultura/INBA,Ciudad de México,Miguel Hidalgo,Paseo de la Reforma y Gandhi s/n,Bosque de Chapultepec,11560,55 8647 5530,https://mam.inba.gob.mx/,,,info@mam.org.mx,https://www.facebook.com/MuseodeArteModernoMX/,museoAmodernoMX,,-99.17954,19.42274,5,-1,http://sic.gob.mx/ficha.php?table=museo&table_id=658,2023-02-16 03:58:27-06,s/n,Paseo de la Reforma y Gandhi,,
1092,Museo de Arte Popular,2,2006-02-28,Fideicomiso Museo de Arte  Popular Mexicano,Ciudad de México,Cuauhtémoc,Revillagigedo 11 esq. Independencia,Centro,06050,55 5510 2201 ext. 102,https://www.map.cdmx.gob.mx/servicios,,,infomap@cdmx.gob.mx ,https://es-la.facebook.com/MuseoArtePopular/,map_mexico,,-99.1463,19.43378,7,3,http://sic.gob.mx/ficha.php?table=museo&table_id=1092,2023-05-25 09:04:23-06,11,Revillagigedo  esq. Independencia,,
1653,Museo de Arte en Azúcar México,2,2012-04-01,No disponible,Ciudad de México,Benito Juárez,Av. Cuauhtémoc 950,Col. Narvarte,03020,55 5523 8434,,,https://www.101museos.com/museos/ciudad_de_mexico/320/museo-arte-en-azucar,artemexicanodelazucar@hotmail.com,https://www.facebook.com/InstitutoDelArteMexicanoDelAzucar,,,-99.15733,19.38436,5,-1,http://sic.gob.mx/ficha.php?table=museo&table_id=1653,2023-03-14 06:38:08-06,950,Av. Cuauhtémoc,,
1232,Museo de Caballería,7,2006-04-16,Secretaría de la Defensa Nacional (SEDENA)/Dirección General de Archivo e Historia,Ciudad de México,Miguel Hidalgo,"Av. México Tacuba, Campo Militar 1-B",Col. Popotla,11411,(55) 5396 5975,http://www.gob.mx/sedena/acciones-y-programas/museo-de-caballeria,,,mus_cab@mail.sedena.gob.mx,,,,-99.17576,19.45087,10,0,http://sic.gob.mx/ficha.php?table=museo&table_id=1232,2019-03-14 09:00:17-06,1,"Av. México Tacuba, Campo Militar -B",,
43,Museo de Cera de la Ciudad de México,6,1979-08-01,"Museo de Cera de la Ciudad de México, S.A. de C.V.",Ciudad de México,Cuauhtémoc,Londres 6,Col. Juárez,06600,55 5546 7670,http://www.museodecera.com.mx/,,,coordinacion@grupomuseodecera.com,https://www.facebook.com/MuseodeCeraOficial/,museodecera,,-99.15703,19.42838,14,-1,http://sic.gob.mx/ficha.php?table=museo&table_id=43,2023-10-17 08:12:02-06,6,Londres,,
1614,Museo de Geofísica,5,2010-09-10,UNAM/Instituto de Geofísica,Ciudad de México,Miguel Hidalgo,Victoriano Zepeda 53,Col. Observatorio,11860,55 5271 1068 ,https://www.geofisica.unam.mx/museos.html,,,museo@geofisica.unam.mx,,,,-99.19543,19.40487,3,-1,http://sic.gob.mx/ficha.php?table=museo&table_id=1614,2021-03-04 06:34:27-06,53,Victoriano Zepeda,,
692,Museo de Geología,5,1904-09-06,UNAM/Instituto de Geología,Ciudad de México,Cuauhtémoc,Jaime Torres Bodet 176,Col. Santa María La Ribera,06400,55 5547 3900 ext. 106,http://www.geologia.unam.mx/igl/museo/index.html,,,mgeologia.unam@gmail.com,https://www.facebook.com/MuseoDeGeologiaUNAM/,,,-99.15774,19.45018,3,1,http://sic.gob.mx/ficha.php?table=museo&table_id=692,2023-10-09 08:04:29-06,176,Jaime Torres Bodet,,
238,Museo de Historia Natural y Cultura Ambiental,5,1964-10-24,Gobierno de la Ciudad de México/Secretaría del Medio Ambiente,Ciudad de México,Miguel Hidalgo,Av. de los Compositores s/n,Col. Bosque de Chapultepec II sección,11800,"55 5515 0739 ext. 112, 113",http://data.sedema.cdmx.gob.mx/museodehistorianatural/?view=featured,,,eventosmhnca@sedema.cdmx.gob.mx,https://www.facebook.com/museodehistorianaturalcdmx/,,,-99.20154,19.41,4,1,http://sic.gob.mx/ficha.php?table=museo&table_id=238,2023-05-08 04:24:16-06,s/n,Av. de los Compositores,,
2238,Museo de Patología Hospital General de México Eduardo Liceaga,8,1000-01-01,No disponible,Ciudad de México,Cuauhtémoc,Dr. Balmis 148,Col. Doctores,06720,,,,,,,,,-99.15186,19.41297,0,0,http://sic.gob.mx/ficha.php?table=museo&table_id=2238,2022-06-08 05:27:25-05,148,Dr. Balmis,,
1523,Museo de Sitio CCEMX-INAH,4,2012-01-29,Centro Cultural de España ,Ciudad de México,Cuauhtémoc,Donceles 97,Centro,06010,55 5521 1925 al 28,http://ccemx.org/museo-del-sitio/,,,info.mx@aecid.es,https://www.facebook.com/ccemx.org/,,,-99.13262,19.43525,-1,-1,http://sic.gob.mx/ficha.php?table=museo&table_id=1523,2024-07-16 17:54:02-06,97,Donceles,,
2391,Museo de Sitio San Sebastián Atzacoalco,8,2023-07-16,Parroquia de San Sebastián Atzacoalco,Ciudad de México,Cuauhtémoc,"República de Bolívar 46, esq. Rodríguez",Centro,06000, 55 3450 9471,,,,,,,,-99.1387,19.43193,5,0,http://sic.gob.mx/ficha.php?table=museo&table_id=2391,2023-12-01 08:28:43-06,46,"República de Bolívar , esq. Rodríguez",,
1491,Museo de Sitio de Tlatelolco Caja de Agua,4,2011-12-15,Secretaría de Cultura/INAH,Ciudad de México,Cuauhtémoc,Eje Central Lázaro Cárdenas s/n,"Unidad Habitacional Nonoalco-Tlatelolco, Tercera Sección",06900,55 5782 2240,https://lugares.inah.gob.mx/lugar-456-es,,,za.tlatelolco@inah.gob.mx; edwina_villegas@inah.gob.mx,,,,-99.13731,19.45108,1,-1,http://sic.gob.mx/ficha.php?table=museo&table_id=1491,2023-12-21 06:11:50-06,s/n,Eje Central Lázaro Cárdenas,,
706,Museo de Sitio de la SEP,4,1994-08-19,SEP,Ciudad de México,Cuauhtémoc,Repúbica de Argentina 28,Centro,06020,55 3601 1000 exts. 51238,,http://www.travelbymexico.com/ciudaddemexico/atractivos/index.php?nom=edfemussep,,buzon.escolar@nube.sep.gob.mx,https://www.facebook.com/SEPmx?rf=325037368363543,,,-99.13177,19.43694,3,0,http://sic.gob.mx/ficha.php?table=museo&table_id=706,2023-02-02 02:24:15-06,28,Repúbica de Argentina,,
2156,Museo de Sitio de la Zona Arqueológica de Mixcoac,4,1000-01-01,Secretaría de Cultura/INAH,Ciudad de México,Benito Juárez,Pirámide 7,Col. San Pedro de los Pinos,03800,55 5271 4919,https://www.inah.gob.mx/zonas/zona-arqueologica-de-mixcoac,,https://cartelera.cdmx.gob.mx/10336/20-01-2023/museo-de-sitio-de-la-zona-arqueologica-de-mixcoac,contacto@inah.gob.mx,,,,-99.18986,19.38631,0,0,http://sic.gob.mx/ficha.php?table=museo&table_id=2156,2024-11-12 11:37:01-06,7,Pirámide,,
1907,Museo de Sitio del Antiguo Hospital Concepción Béistegui,5,2015-08-15,"Fundación para Ancianos Concepción Béistegui,  I.A.P.",Ciudad de México,Cuauhtémoc,Regina 7 Planta Alta,Centro Histórico,06010,(55) 5709 3124,https://www.gob.mx/agn/articulos/archivo-historico-en-un-museo-de-sitio,,,museodsitioconcepcionbesitegui@gmail.com,https://www.facebook.com/museoconcepcionbeistegui/?fref=ts,@BeisteguiMuseo,,-99.13836,19.42791,1,0,http://sic.gob.mx/ficha.php?table=museo&table_id=1907,2020-05-11 16:31:32-05,7,Regina  Planta Alta,,
707,Museo de Sitio del Centro Cultural Casa Talavera,4,1988-11-20,UACM/Centro Cultural Casa Talavera,Ciudad de México,Cuauhtémoc,Talavera 20,Centro,06090,(55) 5542 9963,https://cultura.uacm.edu.mx/centrosculturales,,,casa.talavera.merced@uacm.edu.mx,,,,-99.12747,19.42819,2,2,http://sic.gob.mx/ficha.php?table=museo&table_id=707,2023-05-25 06:14:21-06,20,Talavera,,
2064,Museo de Sitio y Centro de Visitantes del Bosque de Chapultepec,8,2018-11-14,SEDEMA/Dirección de Gestión del Bosque de Chapultepec,Ciudad de México,Miguel Hidalgo,General Miguel Hidalgo s/n,1a. Sección del Bosque de Chapultepec,11850,55 5925 4372,https://chapultepec.org.mx/actividad/museo-de-sitio-y-centro-de-visitantes/,,,museodesitiobch@gmail.com,https://www.facebook.com/ProChapultepec/posts/10160295582676038/,,,-99.17926,19.42095,2,0,http://sic.gob.mx/ficha.php?table=museo&table_id=2064,2023-01-25 07:10:37-06,s/n,General Miguel Hidalgo,,
2166,Museo de la Brigada de Fusileros Paracaidistas,8,2015-10-03,Secretaría de la Defensa Nacional,Ciudad de México,Miguel Hidalgo,"Av. Conscripto s/n, P-3 Campo Militar 1-A",Col. Lomas de Sotelo    ,11619,55 2122 8800 SEDENA,https://www.gob.mx/sedena/acciones-y-programas/museos-y-bibliotecas-9853,,,cmte.bfp@sedena.gob.mx ,,,,-99.2264,19.44185,15,0,http://sic.gob.mx/ficha.php?table=museo&table_id=2166,2023-01-17 05:13:51-06,s/n,"Av. Conscripto , P-3 Campo Militar 1-A",,
1519,Museo de la Cancillería,2,2011-11-15,Secretaría de Relaciones Exteriores/Instituto Matías Romero,Ciudad de México,Cuauhtémoc,República de El Salvador 47,Centro,06000,55 3686 5100 ext. 8327,,,,museodelacancilleria@sre.gob.mx,https://www.facebook.com/pg/museodelacancilleriamx/posts/,,,-99.13838,19.42969,0,3,http://sic.gob.mx/ficha.php?table=museo&table_id=1519,2022-04-18 05:03:06-05,47,República de El Salvador,,
796,Museo de la Caricatura,2,1987-03-19,"Sociedad Mexicana de Caricaturistas, A.C.",Ciudad de México,Cuauhtémoc,Donceles 99,Centro Histórico,06020,55 5704 0459,,,,museodelacaricatura2014@gmail.com,https://www.facebook.com/museodelacaricatura,CaricaturaMuseo,,-99.13267,19.43559,3,2,http://sic.gob.mx/ficha.php?table=museo&table_id=796,2023-05-15 06:08:16-06,99,Donceles,,
883,Museo de la Charrería,7,1973-01-01,"Federación Mexicana de Charrería, A.C.",Ciudad de México,Cuauhtémoc,Isabel la Católica 108 esq. Izazaga,Centro Histórico,06080,"55 5709 4823, 55 5709 5032",https://museodelacharreria.org.mx/,,,fedmexch@prodigy.net.mx,https://www.facebook.com/museodelacharreria,,,-99.13716,19.42602,-1,-1,http://sic.gob.mx/ficha.php?table=museo&table_id=883,2023-12-05 04:24:27-06,108,Isabel la Católica  esq. Izazaga,,
797,Museo de la Ciudad de México,2,1964-10-31,Secretaría de Cultura de la Ciudad de México,Ciudad de México,Cuauhtémoc,José María Pino Suárez 30,Centro Histórico,06060,55 5522 9936,https://www.cultura.cdmx.gob.mx/recintos/mcm,,,museodelaciudaddemexico@gmail.com,,museomexico,,-99.13212,19.42916,0,-1,http://sic.gob.mx/ficha.php?table=museo&table_id=797,2024-09-23 10:32:38-06,30,José María Pino Suárez,,
2239,Museo de la Inquisición,8,2009-09-18,No disponible,Ciudad de México,Cuauhtémoc,"Tacuba 76, segundo piso",Centro,06000,55 55 12 46 20,https://www.facebook.com/InquisicionCDMX,,,minquisicioncdmx@gmail.com,,,,-99.13515,19.43561,2,0,http://sic.gob.mx/ficha.php?table=museo&table_id=2239,2024-05-03 15:20:36-06,76,Tacuba,segundo piso,
403,Museo de la Luz,5,1996-11-18,UNAM/Dirección General de Divulgación de la Ciencia,Ciudad de México,Cuauhtémoc,San Ildefonso 43,Centro Histórico,06020,"55 5702 4129, 55 5702 3195 ext. 101 y 102",http://www.luz.unam.mx,,,museoluz@unam.mx,,MuseodelaLuz,,-99.13002,19.43627,6,1,http://sic.gob.mx/ficha.php?table=museo&table_id=403,2020-06-30 07:41:45-05,43,San Ildefonso,,
1435,Museo de la Mujer,7,2011-03-08,"Federación Mexicana de Universitarias, A.C.",Ciudad de México,Cuauhtémoc,República de Bolivia 17,Centro ,06020,55 5795 9596,http://www.museodelamujer.org.mx,,,museomujer@gmail.com,https://www.facebook.com/MuseodelaMujerMexico/,museodelamujer,,-99.13269,19.43943,8,-1,http://sic.gob.mx/ficha.php?table=museo&table_id=1435,2024-02-06 04:06:48-06,17,República de Bolivia,,
759,Museo de la Policía de la Ciudad de México,7,1991-07-15,Secretaría de Seguridad Pública de la Ciudad de México,Ciudad de México,Cuauhtémoc,Victoria 82,Centro Histórico,06050,55 8957 3360 ,,,,museodelpolicia@gmail.com,https://www.facebook.com/pages/Museo-del-Policia/184758268237546?fref=ts,,,-99.14657,19.43207,-1,-1,http://sic.gob.mx/ficha.php?table=museo&table_id=759,2023-10-09 08:21:45-06,82,Victoria,,
1516,Museo de las Constituciones,7,2011-08-10,UNAM/Coordinación de Humanidades,Ciudad de México,Cuauhtémoc,Calle Del Carmen s/n esq. San Ildefonso,Centro Histórico,06010,"55 5702 6956, Whatsapp: 55 2959 8609",https://museodelasconstituciones.unam.mx/,,,museoconstituciones@gmail.com,https://www.facebook.com/museodelasconstitucionesunam/,MConstituciones,https://www.instagram.com/museodelasconstitucionesunam/,-99.12912,19.43649,3,1,http://sic.gob.mx/ficha.php?table=museo&table_id=1516,2024-10-30 14:34:54-06,s/n,Calle Del Carmen  esq. San Ildefonso,,
15,Museo de lo Increíble Ripley,6,1992-12-09,"Atracciones Culturales de México, S.A. de C.V.",Ciudad de México,Cuauhtémoc,Londres 4,Juárez,06600,555 546 37 84,http://www.museodecera.com.mx/,,,mucera@grupomuseodecera.com; coordinacion@grupomuseodecera.com,https://www.facebook.com/MuseodeCeraOficial/,museoripley,,-99.15671,19.42847,-1,-1,http://sic.gob.mx/ficha.php?table=museo&table_id=15,2024-03-25 11:15:46-06,4,Londres,,
1780,Museo del Bicentenario,7,2010-10-12,Torre Latinoamericana,Ciudad de México,Cuauhtémoc,Eje Central Lázaro Cárdenas 2 piso 36,Centro,06000,(55) 5518 7423 ext. 416302,http://torrelatinoamericana.com.mx/museo-bicentenario/,,,rhernandez@torrelatino.com,,,,-99.14075,19.43377,4,0,http://sic.gob.mx/ficha.php?table=museo&table_id=1780,2020-04-23 12:06:16-05,2,Eje Central Lázaro Cárdenas,piso 36,
969,Museo del Calzado El Borceguí,6,1991-03-01,"Museo y Centro Cultural de El Borcegui, A.C.",Ciudad de México,Cuauhtémoc,"Bolívar 27, piso 1",Centro Histórico,06000,55 5521 8380 ext. 110,,,,museodelcalzadoborcegui@hotmail.com,https://es-la.facebook.com/museodelcalzadoborceguioficial/,MuseodelCalzado,,-99.13856,19.43282,-1,-1,http://sic.gob.mx/ficha.php?table=museo&table_id=969,2021-03-05 05:02:45-06,27,Bolívar,piso 1,
1874,Museo del Centenario del Ejército Mexicano,7,2013-11-19,Secretaría de la Defensa Nacional (SEDENA),Ciudad de México,Miguel Hidalgo,Blvd. Manuel Ávila Camacho esq. Av. Industria Militar,Col. Lomas de Sotelo,11200,55 2122 8800 ext. 8808,http://www.gob.mx/sedena/acciones-y-programas/museo-del-centenario-del-ejercito-mexicano,,,,,,,-99.21577,19.44041,10,0,http://sic.gob.mx/ficha.php?table=museo&table_id=1874,2020-04-21 09:56:44-05,s/n,Blvd. Manuel Ávila Camacho esq. Av. Industria Militar,,
1105,Museo del Estanquillo,1,2006-11-23,Fideicomiso Museo del Estanquillo,Ciudad de México,Cuauhtémoc,Isabel la Católica 26,Centro,06000,55 5521 3052 ext. 101,http://www.museodelestanquillo.cdmx.gob.mx/elmuseo/museo-del-estanquillo,,,estanquillo.museo@gmail.com,https://es-la.facebook.com/MuseodelEstanquillo/,m_estanquillo,,-99.13613,19.43331,-1,-1,http://sic.gob.mx/ficha.php?table=museo&table_id=1105,2021-03-05 05:07:47-06,26,Isabel la Católica,,
708,Museo del Instituto Cultural México Israel,7,1993-10-19,"Instituto Cultural México Israel, A.C.",Ciudad de México,Cuauhtémoc,República de El Salvador 41,Centro Histórico,06080,55 5709 8853,http://www.mexico-israel.org/index.php?id=3,,,contacto@mexico-israel.org,https://www.facebook.com/pages/category/Nonprofit-Organization/Instituto-Cultural-Mexico-Israel-442992865712509/,,,-99.1384,19.42964,5,-1,http://sic.gob.mx/ficha.php?table=museo&table_id=708,2023-06-06 03:27:05-06,41,República de El Salvador,,
1106,Museo del Juguete Antiguo México (MUJAM),6,2008-04-29,"Conservación y Rescate de la Cultura Popular de México, S.A. de C.V.",Ciudad de México,Cuauhtémoc,Dr. Olvera 15,Col. Doctores,06720,55 5588 2100,,,,hellomujam@museodeljuguete.com.mx,https://www.facebook.com/museodeljuguete/,MuseodelJuguete,,-99.14406,19.41531,9,3,http://sic.gob.mx/ficha.php?table=museo&table_id=1106,2024-08-27 12:25:35-06,15,Dr. Olvera,,
2000,Museo del Juguete Arte-Objeto Frida,8,2006-01-01,Gobierno de la Ciudad de México/Centro Cultural Estación Indianilla,Ciudad de México,Cuauhtémoc,Dr. Claudio Bernard 111 esq. Niños Héroes,Col. Doctores,06720,55 5761 9058,,,,estacionindianillacc@gmail.com,https://www.facebook.com/EstacionIndianilla,,https://www.instagram.com/estacionindianilla/,-99.1505,19.42306,0,0,http://sic.gob.mx/ficha.php?table=museo&table_id=2000,2024-08-27 12:11:51-06,111,Dr. Claudio Bernard  esq. Niños Héroes,,
1905,Museo del Metro,4,2017-01-28,Sistema de Transporte Colectivo Metro,Ciudad de México,Benito Juárez,Av. Revolución esq. Extremadura,Col. Insurgentes Mixcoac,03920,55 5627 4549,https://www.metro.cdmx.gob.mx/museo-del-metro,,,cultura.metro.cdmx@gmail.com,,,,-99.18728,19.37611,8,1,http://sic.gob.mx/ficha.php?table=museo&table_id=1905,2023-03-14 07:35:07-06,s/n,Av. Revolución esq. Extremadura,,
1469,Museo del Objeto del Objeto (MODO),2,2010-10-21,"Museo del Objeto del Objeto, A.C.",Ciudad de México,Cuauhtémoc,Colima 145,Col.  Roma Norte,06700,55 5533 9637,http://elmodo.mx,,,contacto@elmodo.mx,https://www.facebook.com/museomodo/,MUSEOMODO,,-99.15904,19.42009,-1,-1,http://sic.gob.mx/ficha.php?table=museo&table_id=1469,2024-02-06 05:23:57-06,145,Colima,,
1867,Museo del Padre Pro,7,1995-01-01,Parroquia de la Sagrada Familia,Ciudad de México,Cuauhtémoc,Puebla 144 entre Jalapa y Orizaba,Col. Roma,06700,55 5511 9035,,,,padre.pro@hotmail.com,https://es-la.facebook.com/PadrePro/,,,-99.16116,19.42246,0,0,http://sic.gob.mx/ficha.php?table=museo&table_id=1867,2022-08-11 08:45:49-05,144,Puebla  entre Jalapa y Orizaba,,
1080,Museo del Palacio de Bellas Artes,2,1934-09-29,Secretaría de Cultura/INBA,Ciudad de México,Cuauhtémoc,Av. Juárez s/n esq. Eje Central Lázaro Cárdenas,Centro Histórico,06050,"55 1000 4622 ext. 2132, 2155",http://museopalaciodebellasartes.gob.mx/,,,gpba.palaciodebellasrtes@inba.gob.mx; mpba.informes@inba.gob.mx,,mbellasartes,,-99.14121,19.43565,8,-1,http://sic.gob.mx/ficha.php?table=museo&table_id=1080,2024-02-06 08:40:21-06,s/n,Av. Juárez  esq. Eje Central Lázaro Cárdenas,,
2190,Museo del Perfume MUPE,8,2019-07-01,No disponible,Ciudad de México,Cuauhtémoc,Tacuba 12,Centro Histórico,06010,55 5086 4633,https://museodelperfume.com.mx/,,,contacto@museodelperfume.com.mx,https://www.facebook.com/mxmupe,mupe_mx,,-99.13852,19.43595,6,0,http://sic.gob.mx/ficha.php?table=museo&table_id=2190,2024-10-25 10:48:41-06,12,Tacuba,,
2110,Museo del Pulque y las pulquerías,8,2019-02-08,"Asociación Nacional de Pulquerías Tradicionales, A.C.",Ciudad de México,Cuauhtémoc,"Av. Hidalgo 107, Ex Convento de San Hipólito",Col. Guerrero,06300,55 7160 45 02,https://www.mupyp.mx/es/,,,museo@mupyp.mx,https://www.facebook.com/mupyp/,mupyp_mx,,-99.1474,19.43777,2,0,http://sic.gob.mx/ficha.php?table=museo&table_id=2110,2023-04-04 14:05:37-06,107,"Av. Hidalgo , Ex Convento de San Hipólito",,
1550,Museo del Tecpan,7,1960-01-01,Secretaría de Cultura/INAH,Ciudad de México,Cuauhtémoc,Av. Reforma Norte 630,"U.H. Tlatelolco, 3ra. sección",06300,55 5583 0295,,https://www.contlatelolco.xyz/2023/10/18/museo-del-tecpan/,https://lugares.inah.gob.mx/en/museos-inah/exposiciones/exposicion/24106-2254-exposici%C3%B3n-permanente-del-museo-del-tecpan.html?expo_id=24106&lugar_id=24104,za.tlatelolco@inah.gob.mx,https://www.facebook.com/ZATlatelolcoINAH,,,-99.13421,19.44997,-1,-1,http://sic.gob.mx/ficha.php?table=museo&table_id=1550,2024-10-10 12:17:32-06,630,Av. Reforma Norte,,
907,Museo del Telégrafo,5,2006-11-22,Telecomunicaciones de México (Telecom),Ciudad de México,Cuauhtémoc,Tacuba 8,Centro,06620,55 5521 9351 ,https://www.gob.mx/telecomm/articulos/museo-del-telegrafo-desde-casa?idiom=es,,,museotelegrafo@telecomm.gob.mx,https://www.facebook.com/Museodeltelegrafo/,museotelegrafo,,-99.13902,19.43613,-1,-1,http://sic.gob.mx/ficha.php?table=museo&table_id=907,2020-04-23 13:07:51-05,8,Tacuba,,
476,Museo del Templo Mayor,4,1987-10-12,Secretaría de Cultura/INAH,Ciudad de México,Cuauhtémoc,Seminario 8,Centro Histórico,06060,"55 4166 0780 al 84 exts. 412901, 412902",http://www.inah.gob.mx/red-de-museos/292-museo-de-sitio-del-templo-mayor,https://www.templomayor.inah.gob.mx/,https://lugares.inah.gob.mx/lugar-75-es,difusion.mntm@inah.gob.mx; direccion.mtm@inah.gob.mx,,mustemplomayor,,-99.13116,19.43494,8,-1,http://sic.gob.mx/ficha.php?table=museo&table_id=476,2024-08-05 08:27:05-06,8,Seminario,,
1473,Museo del Tequila y el Mezcal (MUTEM),6,2010-12-11,"Integradora de Culturas y Raíces Mexicanas, S.A. de C.V.",Ciudad de México,Cuauhtémoc,Eje Central Lázaro Cárdenas s/n,Centro,06010,55 5526 6540,http://www.mutemgaribaldi.mx,,,info@mutemgaribaldi.mx,,mutemgaribaldi,,-99.13946,19.44057,-1,-1,http://sic.gob.mx/ficha.php?table=museo&table_id=1473,2021-03-05 05:29:56-06,s/n,Eje Central Lázaro Cárdenas,,
2360,Palacio Nacional,8,1951-01-01,SHCP/Dirección General de la Conservaduría de Palacio Nacional y Patrimonio Cultural,Ciudad de México,Cuauhtémoc,Plaza de la Constitución s/n,Centro,06000,"55 3688 1100 exts. 81666, 81656",https://www.gob.mx/palacionacional ,,,visitas_guiadas@hacienda.gob.mx,,,,-99.13148,19.43251,0,0,http://sic.gob.mx/ficha.php?table=museo&table_id=2360,2024-10-18 13:53:10-06,s/n,Plaza de la Constitución,,
854,Palacio de Cultura Banamex (Palacio de Iturbide),2,1971-11-15,"Fomento Cultural Banamex, A.C.",Ciudad de México,Cuauhtémoc,Francisco I. Madero 17,Centro Histórico,06000,55 1226 0004,http://fomentoculturalbanamex.org/,,,contacto@fomentoculturalbanamex.org; fernando.gomezgoyzueta@citibanamex.com,https://www.facebook.com/fomentoculturalbanamex,FomentoCulturAC ,,-99.13906,19.43352,-1,-1,http://sic.gob.mx/ficha.php?table=museo&table_id=854,2022-10-10 03:40:20-05,17,Francisco I. Madero,,
691,Palacio de la Escuela de Medicina,1,1980-12-22,UNAM/Facultad de Medicina,Ciudad de México,Cuauhtémoc,"Rep. de Brasil 33, Plaza Santo Domingo",Centro Histórico,06000,"55 5623 3123, 55 5623 3151",,http://pem.facmed.unam.mx,,coordinacion.pmed@gmail.com; cejecutivapem@hotmail.com; nuria.diaz@unam.mx,https://www.facebook.com/PalacioDeMedicinaUnam/,palaciomedicina,,-99.13332,19.43789,23,4,http://sic.gob.mx/ficha.php?table=museo&table_id=691,2020-04-28 10:45:52-05,33,"Rep. de Brasil , Plaza Santo Domingo",,
375,Papalote Museo del Niño Chapultepec,5,1993-11-05,"Museo Interactivo Infantil, A.C. ",Ciudad de México,Miguel Hidalgo,Av. Constituyentes 268,"Col. Daniel Garza, 2da. Sección del Bosque de Chapultepec",11830,55 5237 1700,https://www.papalote.org.mx/,,,,https://www.facebook.com/PapaloteMuseo,Papalote_Museo,,-99.19455,19.41152,5,-1,http://sic.gob.mx/ficha.php?table=museo&table_id=375,2022-12-08 08:26:20-06,268,Av. Constituyentes,,
757,Pinacoteca del Templo La Profesa (cerrada hasta nuevo aviso),2,1988-03-26,Congregación del Oratorio de San Felipe Neri de México,Ciudad de México,Cuauhtémoc,Isabel la Católica 21,Centro Histórico,06000,(55) 5521 8362,,,,pinacotecadelaprofesa@outlook.com,,,,-99.13633,19.43367,4,0,http://sic.gob.mx/ficha.php?table=museo&table_id=757,2020-04-28 10:19:09-05,21,Isabel la Católica,,
1776,Planetario Joaquín Gallo,5,1000-01-01,Sociedad Astronómica de México (SAM),Ciudad de México,Benito Juárez,Av. División del Norte s/n esq. Miguel Laurent. Parque Francisco Villa (Parque de los Venados),Col. Santa Cruz Atoyac,03310,,,https://cartelera.cdmx.gob.mx/10356/21-01-2023/planetario-joaquin-gallo,,info@sam.org.mx,https://www.facebook.com/pages/Planetario-Joaquin-Gallo/291785930875683,,,-99.15724,19.37362,0,0,http://sic.gob.mx/ficha.php?table=museo&table_id=1776,2023-03-14 09:15:41-06,s/n,Av. División del Norte  esq. Miguel Laurent. Parque Francisco Villa (Parque de los Venados),,
1079,Recinto Parlamentario,7,1972-01-31,SHCP/Dirección General de la Conservaduría de Palacio Nacional y Patrimonio Cultural,Ciudad de México,Cuauhtémoc,Plaza de la Constitución s/n,Centro,06000,"55 3688 1100 exts. 81666, 81656",https://www.gob.mx/palacionacional ,,,visitas_guiadas@hacienda.gob.mx ,,,,-99.13151,19.43248,-1,-1,http://sic.gob.mx/ficha.php?table=museo&table_id=1079,2023-07-17 08:22:53-06,s/n,Plaza de la Constitución,,
974,Recinto de Homenaje a Don Benito Juárez,7,1957-07-18,SHCP/Dirección General de la Conservaduría de Palacio Nacional y Patrimonio Cultural,Ciudad de México,Cuauhtémoc,Plaza de la Constitución s/n,Centro Histórico,06066,"55 3688 1100 exts. 81666, 81656",https://www.gob.mx/palacionacional ,https://www.gob.mx/cms/uploads/attachment/file/803379/Visita_PalNal1-comprimido.pdf,,visitas_guiadas@hacienda.gob.mx ,,,,-99.13156,19.43257,0,0,http://sic.gob.mx/ficha.php?table=museo&table_id=974,2023-07-18 06:08:29-06,s/n,Plaza de la Constitución,,
786,Sala de Arte Público Siqueiros,2,1969-01-29,Secretaría de Cultura/INBA,Ciudad de México,Miguel Hidalgo,Tres Picos 29,Col. Polanco,11560,55 8647 5340 y 43,http://saps-latallera.org/,,,saps.difusion@inba.gob.mx,https://www.facebook.com/saladeartepublicosiqueiros/,,,-99.18736,19.42875,6,1,http://sic.gob.mx/ficha.php?table=museo&table_id=786,2021-03-08 03:43:55-06,29,Tres Picos,,
711,Sala de la Odontología Mexicana Dr. Samuel Fastlicht,5,2004-10-23,UNAM/Facultad de Odontología,Ciudad de México,Cuauhtémoc,Primo Verdad 2,Centro Histórico,06020,55 5522 7128,,,,dephistfo@yahoo.com.mx,,,,-99.13074,19.43435,-1,-1,http://sic.gob.mx/ficha.php?table=museo&table_id=711,2020-04-23 15:46:55-05,2,Primo Verdad,,
2352,Salón de la Plástica Mexicana,8,1000-01-01,INBA,Ciudad de México,Cuauhtémoc,Colima 196,Roma Norte,06700,55 8647 5260,https://inba.gob.mx/recinto/27,https://salondelaplasticamexicana.inba.gob.mx/,,,,,,-99.16115,19.4197,0,0,http://sic.gob.mx/ficha.php?table=museo&table_id=2352,2023-05-02 06:56:56-06,196,Colima,,
